SOURCE_NAME,RA_(J2000),DEC_(J2000),JD_OBS,JD_ERROR,YEAR_OBS,TOTAL_FLUX,ERROR_TOTFLUX,PEAK_FLUX,ERROR_PEAKFLUX,DIAMETER,ERROR_DIAMETER,FREQ_OBS,PAPER,RESOLUTION,OBSERVATION_NOTE
41.95+57.5,09 55 50.69,69 40 43.76,2439163.5,18.25,1966.5,550,150,550,150,,,2.7,BASH_1968,,
41.95+57.5,09 55 50.69,69 40 43.76,2440604.5,1.825,1970.05,600,100,600,100,,,1.43,KRONBERG_1975,2''.2 ,
41.95+57.5,09 55 50.69,69 40 43.76,2441173.5,1.825,1971.77,138,20,138,20,,,9.09,"KRONBERG_1975, KRONBERG_1978",2''-3'' ,
41.95+57.5,09 55 50.69,69 40 43.76,2441667.5,1.825,1972.96,550,50,550,50,,,1.67,KRONBERG_1975,2''.2 ,
41.95+57.5,09 55 50.69,69 40 43.76,2441871.5,18.25,1973.6,180,10,180,10,,,5,HARGRAVE_1974,2''-3'' ,
41.95+57.5,09 55 50.69,69 40 43.76,2441974.5,18.25,1973.8,190,20,190,20,,,0.408,KRONBERG_1975,2''.2 ,
41.95+57.5,09 55 50.69,69 40 43.76,2441974.5,18.25,1973.8,530,50,530,50,,,0.962,KRONBERG_1975,2''.2 ,
41.95+57.5,09 55 50.69,69 40 43.76,2442236.5,18.25,1974.6,130,20,130,20,,,7.85,GELDZAGLER_1977,,
41.95+57.5,09 55 50.69,69 40 43.76,2442450.5,18.25,1975.5,118,20,118,20,,,8.09,KRONBERG_1978,"2"". 2 ",
41.95+57.5,09 55 50.69,69 40 43.76,2443581.5,18.25,1978.2,284,24,284,24,,,1.48,KRONBERG_1981,1'' ,
41.95+57.5,09 55 50.69,69 40 43.76,2443581.5,18.25,1978.2,125,15,125,15,,,5,KRONBERG_1981,1'' ,
41.95+57.5,09 55 50.69,69 40 43.76,2443800.5,18.25,1978.8,269,20,289,20,,,1.67,OWEN_1980,,
41.95+57.5,09 55 50.69,69 40 43.76,2443995.5,18.25,1979.1,260,20,260,20,,,0.408,CONWAY_1979,,
41.95+57.5,09 55 50.69,69 40 43.76,2444276.5,182.5,1980,131,5,131,5,,,5,WILKINSON_1980,,
39.1+57.3,09 55 47.88,69 40 43.72,2444726.5,15,1981.1,5.2,0.23,4.3,0.22,,,4.87,KRONBERG_1985,0''.34,
39.3+54.0,09 55 48.06,69 40 40.51,2444726.5,15,1981.1,2.88,0.27,1.58,0.2,,,4.87,KRONBERG_1985,0''.34,
39.4+56.0,09 55 48.17,69 40 42.41,2444726.5,15,1981.1,1.28,0.25,1.28,0.2,,,4.87,KRONBERG_1985,0''.34,
39.7+55.0,09 55 48.45,69 40 41.9,2444726.5,15,1981.1,2.36,0.34,1.52,0.2,,,4.87,KRONBERG_1985,0''.34,
39.7+55.0,09 55 48.45,69 40 41.9,2444726.5,15,1981.1,,,2.75,0.43,,,15,KRONBERG_1985,0''.17,
40.1+55.0,09 55 48.9,69 40 41.27,2444726.5,15,1981.1,,,3.06,0.26,,,15,KRONBERG_1985,0''.17,
40.59+55.8,09 55 49.38,69 40 42.26,2444726.5,15,1981.1,1.92,0.39,1.4,0.2,,,4.87,KRONBERG_1985,0''.34,
40.67+55.1,09 55 49.44,69 40 41.26,2444726.5,15,1981.1,8.49,0.34,7.39,0.25,,,4.87,KRONBERG_1985,0''.34,
40.67+55.1,09 55 49.44,69 40 41.26,2444726.5,15,1981.1,,,3.97,0.35,,,15,KRONBERG_1985,0''.17,
41.0+58.0,09 55 49.71,69 40 45.05,2444726.5,15,1981.1,,,3.55,0.35,,,15,KRONBERG_1985,0''.17,
41.3+59.6,09 55 50.07,69 40 45.83,2444726.5,15,1981.1,3.16,1.2,3.28,0.38,,,4.87,KRONBERG_1985,0''.34,
41.5+59.0,09 55 50.2,69 40 45.93,2444726.5,15,1981.1,6.85,1.34,7.07,0.44,,,4.87,KRONBERG_1985,0''.34,
41.5+59.0,09 55 50.2,69 40 45.93,2444726.5,15,1981.1,,,2.65,0.28,,,15,KRONBERG_1985,0''.17,
41.95+57.5,09 55 50.69,69 40 43.76,2444726.5,15,1981.1,110.52,2.22,108.54,2.18,,,4.87,KRONBERG_1985,0''.34,
41.95+57.5,09 55 50.69,69 40 43.76,2444726.5,15,1981.1,,,38.03,0.49,,,15,KRONBERG_1985,0''.17,
42.2+59.0,09 55 50.95,69 40 45.2,2444726.5,15,1981.1,2.95,0.67,2.04,0.25,,,4.87,KRONBERG_1985,0''.34,
42.2+59.0,09 55 50.95,69 40 45.2,2444726.5,15,1981.1,,,2.63,0.78,,,15,KRONBERG_1985,0''.17,
42.6+60.0,09 55 51.36,69 40 46.18,2444726.5,15,1981.1,,,1.95,0.42,,,15,KRONBERG_1985,0''.17,
42.7+55.0,09 55 51.40,69 40 41.78,2444726.5,15,1981.1,1.87,0.36,1.75,0.2,,,4.87,KRONBERG_1985,0''.34,
43.2+58.0,09 55 51.92,69 40 44.46,2444726.5,15,1981.1,5.45,0.43,5.18,0.23,,,4.87,KRONBERG_1985,0''.34,
43.3+59.0,09 55 52.04,69 40 45.26,2444726.5,15,1981.1,11.19,0.43,10.92,0.3,,,4.87,KRONBERG_1985,0''.34,
43.3+59.0,09 55 52.04,69 40 45.26,2444726.5,15,1981.1,,,4.3,0.31,,,15,KRONBERG_1985,0''.17,
43.7+62.0,09 55 52.47,69 40 48.64,2444726.5,15,1981.1,3.73,0.69,1.95,0.25,,,4.87,KRONBERG_1985,0''.34,
43.8+61.0,09 55 52.55,69 40 48.04,2444726.5,15,1981.1,1.02,0.4,0.82,0.2,,,4.87,KRONBERG_1985,0''.34,
43.8+62.0,09 55 52.54,69 40 48.94,2444726.5,15,1981.1,3.31,0.5,1.74,0.2,,,4.87,KRONBERG_1985,0''.34,
44.0+59.0,09 55 52.73,69 40 45.63,2444726.5,15,1981.1,24.51,0.53,24.22,0.52,,,4.87,KRONBERG_1985,0''.34,
44.0+59.0,09 55 52.73,69 40 45.63,2444726.5,15,1981.1,,,14.41,0.32,,,15,KRONBERG_1985,0''.17,
44.3+59.0,09 55 53.00,69 40 45.32,2444726.5,15,1981.1,2.94,0.32,2.51,0.21,,,4.87,KRONBERG_1985,0''.34,
44.5+58.0,09 55 53.24,69 40 44.21,2444726.5,15,1981.1,2.47,0.4,2.1,0.2,,,4.87,KRONBERG_1985,0''.34,
44.9+61.0,09 55 53.63,69 40 47.20,2444726.5,15,1981.1,2.04,0.41,1.82,0.2,,,4.87,KRONBERG_1985,0''.34,
45.2+61.0,09 55 53.89,69 40 47.29,2444726.5,15,1981.1,7.96,0.26,7.52,0.25,,,4.87,KRONBERG_1985,0''.34,
45.2+61.0,09 55 53.89,69 40 47.29,2444726.5,15,1981.1,,,4.38,0.41,,,15,KRONBERG_1985,0''.17,
45.3+65.0,09 55 53.97,69 40 51.18,2444726.5,15,1981.1,1.19,0.4,1.29,0.2,,,4.87,KRONBERG_1985,0''.34,
45.4+67.0,09 55 54.15,69 40 53.38,2444726.5,15,1981.1,1.5,0.21,1.49,0.2,,,4.87,KRONBERG_1985,0''.34,
45.7+65.0,09 55 54.45,69 40 51.27,2444726.5,15,1981.1,3.63,0.53,2.55,0.21,,,4.87,KRONBERG_1985,0''.34,
45.9+63.0,09 55 54.62,69 40 49.86,2444726.5,15,1981.1,2.27,0.46,1.96,0.2,,,4.87,KRONBERG_1985,0''.34,
46.2+67.0,09 55 54.88,69 40 53.65,2444726.5,15,1981.1,3.32,0.34,1.74,0.2,,,4.87,KRONBERG_1985,0''.34,
46.5+63.0,09 55 55.22,69 40 49.84,2444726.5,15,1981.1,2.65,0.3,2.27,0.21,,,4.87,KRONBERG_1985,0''.34,
46.7+67.1,09 55 55.41,69 40 53.03,2444726.5,15,1981.1,2.2,0.35,1.52,0.2,,,4.87,KRONBERG_1985,0''.34,
39.1+57.3,09 55 47.88,69 40 43.72,2448818.5,15,1992,3.56,,0.59,,140,,5,MUXLOW_1994,0.2 arcsec,shell
40.59+55.8,09 55 49.38,69 40 42.26,2448818.5,15,1992,1.23,,0.53,,75x40,,5,MUXLOW_1994,0.2 arcsec,
40.67+55.1,09 55 49.44,69 40 41.26,2448818.5,15,1992,7.13,,0.54,,240,,5,MUXLOW_1994,0.2 arcsec,shell
41.3+59.6,09 55 50.07,69 40 45.83,2448818.5,15,1992,1.8,,0.43,,140,,5,MUXLOW_1994,0.2 arcsec,shell
41.95+57.5,09 55 50.69,69 40 43.76,2448818.5,15,1992,39.33,,34.56,,21x9,,5,MUXLOW_1994,0.2 arcsec,shell
42.21+59.0,09 55 50.95,69 40 45.2,2448818.5,15,1992,0.44,,0.25,,,,5,MUXLOW_1994,0.2 arcsec,
42.53+61.9,09 55 51.27,69 40 48.09,2448818.5,15,1992,0.82,,0.27,,110,,5,MUXLOW_1994,0.2 arcsec,shell
42.65+57.8,09 55 51.39,69 40 43.98,2448818.5,15,1992,0.83,,0.37,,,,5,MUXLOW_1994,0.2 arcsec,
42.66+55.5,09 55 51.39,69 40 41.68,2448818.5,15,1992,1.3,,0.33,,,,5,MUXLOW_1994,0.2 arcsec,
42.80+61.2,09 55 51.54,69 40 47.34,2448818.5,15,1992,0.88,,0.34,,100,,5,MUXLOW_1994,0.2 arcsec,part shell
43.18+58.3,09 55 51.91,69 40 44.46,2448818.5,15,1992,3.5,,0.98,,75,,5,MUXLOW_1994,0.2 arcsec,shell
43.31+59.2,09 55 52.04,69 40 45.36,2448818.5,15,1992,8.67,,5.61,,195,,5,MUXLOW_1994,0.2 arcsec,part shell
43.51+63.3,09 55 52.25,69 40 49.45,2448818.5,15,1992,0.35,,0.27,,,,5,MUXLOW_1994,0.2 arcsec,
43.55+60.0,09 55 52.28,69 40 46.15,2448818.5,15,1992,1.05,,0.27,,130,,5,MUXLOW_1994,0.2 arcsec,shell
44.01+59.6,09 55 52.74,69 40 45.73,2448818.5,15,1992,20.65,,11.44,,50x45,,5,MUXLOW_1994,0.2 arcsec,
44.28+59.3,09 55 53.00,69 40 45.42,2448818.5,15,1992,1.32,,0.4,,140,,5,MUXLOW_1994,0.2 arcsec,shell
44.51+58.2,09 55 53.23,69 40 44.41,2448818.5,15,1992,1.33,,0.32,,240,,5,MUXLOW_1994,0.2 arcsec,shell
45.24+65.2,09 55 53.96,69 40 51.29,2448818.5,15,1992,5.88,,0.23,,225,,5,MUXLOW_1994,0.2 arcsec,part shell
45.27+61.2,09 55 53.98,69 40 47.28,2448818.5,15,1992,1.03,,2.69,,220,,5,MUXLOW_1994,0.2 arcsec,part shell
45.42+67.4,09 55 54.14,69 40 53.48,2448818.5,15,1992,1.58,,0.24,,145,,5,MUXLOW_1994,0.2 arcsec,shell?
45.89+63.8,09 55 54.60,69 40 49.86,2448818.5,15,1992,0.74,,0.55,,70x30,,5,MUXLOW_1994,0.2 arcsec,
46.52+63.9,09 55 55.22,69 40 49.94,2448818.5,15,1992,1.62,,0.33,,250,,5,MUXLOW_1994,0.2 arcsec,part shell
46.70+67.1,09 55 55.41,69 40 53.03,2448818.5,15,1992,1.55,,0.27,,220,,5,MUXLOW_1994,0.2 arcsec,part shell
39.1+57.3,09 55 47.88,69 40 43.72,2449671.5,15,1994,9.1,2.3,9.1,2.3,,,0.408,WILLS_1997,0.5 arcsec,
39.4+56.1,09 55 48.17,69 40 42.42,2449671.5,15,1994,4.3,1.7,4.3,1.7,,,0.408,WILLS_1997,0.5 arcsec,
39.64+53.4,09 55 47.88,69 40 43.72,2449671.5,15,1994,2.6,1.3,2.6,1.3,,,0.408,WILLS_1997,0.5 arcsec,
39.77+56.9,09 55 48.54,69 40 43.19,2449671.5,15,1994,2.7,1.3,2.7,1.3,,,0.408,WILLS_1997,0.5 arcsec,
40.32+55.1,09 55 49.01,69 40 41.37,2449671.5,15,1994,3.9,2.2,3.9,2.2,,,0.408,WILLS_1997,0.5 arcsec,
40.67+55.1,09 55 49.44,69 40 41.26,2449671.5,15,1994,10.9,1.6,10.9,1.6,,,0.408,WILLS_1997,0.5 arcsec,
41.95+57.5,09 55 50.69,69 40 43.76,2449671.5,15,1994,103,6.7,103,6.7,,,0.408,WILLS_1997,0.5 arcsec,
42.53+61.9,09 55 51.27,69 40 48.09,2449671.5,15,1994,11.1,2.4,11.1,2.4,,,0.408,WILLS_1997,0.5 arcsec,
42.66+55.5,09 55 51.39,69 40 41.68,2449671.5,15,1994,2.7,1.6,2.7,1.6,,,0.408,WILLS_1997,0.5 arcsec,
43.18+58.3,09 55 51.91,69 40 44.46,2449671.5,15,1994,7.9,2.3,7.9,2.3,,,0.408,WILLS_1997,0.5 arcsec,
43.31+59.2,09 55 52.04,69 40 45.36,2449671.5,15,1994,37.3,4.5,37.3,4.5,,,0.408,WILLS_1997,0.5 arcsec,
44.51+58.2,09 55 53.23,69 40 44.41,2449671.5,15,1994,1.6,1.5,1.6,1.5,,,0.408,WILLS_1997,0.5 arcsec,
45.17+61.2,09 55 53.88,69 40 47.29,2449671.5,15,1994,18.8,2.1,18.8,2.1,,,0.408,WILLS_1997,0.5 arcsec,
45.42+67.4,09 55 54.14,69 40 53.48,2449671.5,15,1994,7.7,0.8,7.7,0.8,,,0.408,WILLS_1997,0.5 arcsec,
45.48+64.8,09 55 54.20,69 40 50.87,2449671.5,15,1994,2.3,1.3,2.3,1.3,,,0.408,WILLS_1997,0.5 arcsec,
45.74+65.2,09 55 54.45,69 40 51.27,2449671.5,15,1994,8,1.9,8,1.9,,,0.408,WILLS_1997,0.5 arcsec,
45.86+64.0,09 55 54.57,69 40 50.06,2449671.5,15,1994,3.7,1.9,3.7,1.9,,,0.408,WILLS_1997,0.5 arcsec,
46.52+63.9,09 55 55.22,69 40 49.94,2449671.5,15,1994,4.4,1.8,4.4,1.8,,,0.408,WILLS_1997,0.5 arcsec,
46.56+73.8,09 55 55.27,69 40 59.83,2449671.5,15,1994,3.7,0.5,3.7,0.5,,,0.408,WILLS_1997,0.5 arcsec,
46.7+67.1,09 55 55.41,69 40 53.03,2449671.5,15,1994,3.9,1.5,3.9,1.5,,,0.408,WILLS_1997,0.5 arcsec,
47.37+68.0,09 55 56.07,69 40 54.00,2449671.5,15,1994,3.8,0.9,3.8,0.9,,,0.408,WILLS_1997,0.5 arcsec,
41.95+57.5,09 55 50.69,69 40 43.76,2445285.5,0.5,1982,207,10,207,10,,,1.67,UNGER_1984,0.4 arcsec,
43.3+59.0,09 55 52.04,69 40 45.36,2445285.5,0.5,1982,19.5,1,19.5,1,,,1.67,UNGER_1984,0.4 arcsec,
45.2+61.0,09 55 53.88,69 40 47.29,2445285.5,0.5,1982,12.5,1,12.5,1,,,1.67,UNGER_1984,0.4 arcsec,
40.7+55.0,09 55 49.44,69 40 41.26,2445285.5,0.5,1982,10,1,10,1,,,1.67,UNGER_1984,0.4 arcsec,
44.0+60,09 55 52.74,69 40 45.73,2445285.5,0.5,1982,9.5,1,9.5,1,,,1.67,UNGER_1984,0.4 arcsec,
43.2+58.0,09 55 51.91,69 40 44.46,2445285.5,0.5,1982,8.5,1,8.5,1,,,1.67,UNGER_1984,0.4 arcsec,
45.3+65.0,09 56 07.52,69 40 50.87,2445285.5,0.5,1982,5,1,5,1,,,1.67,UNGER_1984,0.4 arcsec,
39.1+57.0,09 55 47.88,69 40 43.72,2445285.5,0.5,1982,4,1,4,1,,,1.67,UNGER_1984,0.4 arcsec,
46.6+64.0,09 55 55.22,69 40 49.94,2445285.5,0.5,1982,3.5,1,3.5,1,,,1.67,UNGER_1984,0.4 arcsec,
45.4+67.0,09 55 54.14,69 40 53.48,2445285.5,0.5,1982,3.5,1,3.5,1,,,1.67,UNGER_1984,0.4 arcsec,
46.7+67.1,09 55 55.41,69 40 53.03,2445285.5,0.5,1982,3,1,3,1,,,1.67,UNGER_1984,0.4 arcsec,
44.3+59.0,09 55 52.04,69 40 45.36,2445285.5,0.5,1982,3,1,3,1,,,1.67,UNGER_1984,0.4 arcsec,
41.3+60.0,09 55 50.07,69 40 45.83,2445285.5,0.5,1982,3,1,3,1,,,1.67,UNGER_1984,0.4 arcsec,
45.5+65.0,09 55 54.20,69 40 50.87,2445285.5,0.5,1982,3,1,3,1,,,1.67,UNGER_1984,0.4 arcsec,
45.8+65.0,09 55 54.45,69 40 51.27,2445285.5,0.5,1982,2.5,1,2.5,1,,,1.67,UNGER_1984,0.4 arcsec,
44.5+58.0,09 56 03.75,69 40 44.01,2445285.5,0.5,1982,2.5,1,2.5,1,,,1.67,UNGER_1984,0.4 arcsec,
42.1+59.0,09 55 51.49,69 40 45.34,2445285.5,0.5,1982,2.5,1,2.5,1,,,1.67,UNGER_1984,0.4 arcsec,
45.4+67.0,09 55 54.14,69 40 53.48,2445285.5,0.5,1982,2,1,2,1,,,1.67,UNGER_1984,0.4 arcsec,
47.7+61.0,09 56 19.87,69 40 46.39,2445285.5,0.5,1982,2,1,2,1,,,1.67,UNGER_1984,0.4 arcsec,
41.95+57.5,09 55 50.69,69 40 43.76,2444873.5,0.5,1981,212,20,212,20,,,1.67,UNGER_1984,0.4 arcsec,
43.3+59.0,09 55 52.04,69 40 45.36,2444873.5,0.5,1981,23,4,23,4,,,0.408,UNGER_1984,0.4 arcsec,
45.2+61.0,09 55 53.88,69 40 47.29,2444873.5,0.5,1981,16,4,16,4,,,0.408,UNGER_1984,0.4 arcsec,
40.7+55.0,09 55 49.44,69 40 41.26,2444873.5,0.5,1981,9,4,9,4,,,0.408,UNGER_1984,0.4 arcsec,
39.1+57.0,09 55 47.88,69 40 43.72,2444873.5,0.5,1981,12,4,12,4,,,0.408,UNGER_1984,0.4 arcsec,
45.8+65.0,09 55 54.45,69 40 51.27,2444873.5,0.5,1981,7,4,7,4,,,0.408,UNGER_1984,0.4 arcsec,
45.4+67.0,09 55 54.14,69 40 53.48,2444873.5,0.5,1981,7,4,7,4,,,0.408,UNGER_1984,0.4 arcsec,
38.76+53.4,09 55 47.53,69 40 39.85,2451586.5,0.5,2000,0.24,0.07,0.24,0.07,,,15,MCDONALD_2002,200 mas,
39.29+54.2,09 55 48.05,69 40 40.56,2451586.5,0.5,2000,1.5,0.2,1.5,0.2,,,15,MCDONALD_2002,200 mas,
39.68+55.6,09 55 48.43,69 40 41.88,2451586.5,0.5,2000,3.2,0.2,3.2,0.2,,,15,MCDONALD_2002,200 mas,
40.62+56.0,09 55 49.35,69 40 42.36,2451586.5,0.5,2000,0.52,0.08,0.52,0.08,,,15,MCDONALD_2002,200 mas,
40.95+58.8,09 55 49.69,69 40 45.11,2451586.5,0.5,2000,2.3,0.3,2.3,0.3,,,15,MCDONALD_2002,200 mas,
40.96+57.9,09 55 49.71,69 40 44.10,2451586.5,0.5,2000,0.58,0.08,0.58,0.08,,,15,MCDONALD_2002,200 mas,
41.17+56.2,09 55 49.93,69 40 42.40,2451586.5,0.5,2000,2.8,0.2,2.8,0.2,,,15,MCDONALD_2002,200 mas,
41.64+57.3,09 55 50.39,69 40 44.16,2451586.5,0.5,2000,1.8,0.2,1.8,0.2,,,15,MCDONALD_2002,200 mas,
42.08+58.4,09 55 50.82,69 40 44.59,2451586.5,0.5,2000,1.7,0.2,1.7,0.2,,,15,MCDONALD_2002,200 mas,
42.48+58.4,09 55 51.22,69 40 44.54,2451586.5,0.5,2000,1,0.2,1,0.2,,,15,MCDONALD_2002,200 mas,
42.56+58.0,09 55 51.30,69 40 44.24,2451586.5,0.5,2000,1.8,0.2,1.8,0.2,,,15,MCDONALD_2002,200 mas,
42.66+56.4,09 55 51.41,69 40 42.58,2451586.5,0.5,2000,0.34,0.07,0.34,0.07,,,15,MCDONALD_2002,200 mas,
42.69+58.2,09 55 51.43,69 40 44.42,2451586.5,0.5,2000,1.8,0.2,1.8,0.2,,,15,MCDONALD_2002,200 mas,
42.82+61.3,09 55 51.55,69 40 47.48,2451586.5,0.5,2000,0.31,0.12,0.31,0.12,,,15,MCDONALD_2002,200 mas,
44.43+61.8,09 55 53.14,69 40 47.84,2451586.5,0.5,2000,0.31,0.09,0.31,0.09,,,15,MCDONALD_2002,200 mas,
44.91+61.1,09 55 53.62,69 40 47.29,2451586.5,0.5,2000,0.39,0.11,0.39,0.11,,,15,MCDONALD_2002,200 mas,
44.93+63.9,09 55 53.65,69 40 50.0,2451586.5,0.5,2000,0.66,0.08,0.66,0.08,,,15,MCDONALD_2002,200 mas,
45.33+64.6,09 55 54.05,69 40 50.71,2451586.5,0.5,2000,0.63,0.11,0.63,0.11,,,15,MCDONALD_2002,200 mas,
45.41+63.7,09 55 54.12,69 40 49.81,2451586.5,0.5,2000,0.48,0.1,0.48,0.1,,,15,MCDONALD_2002,200 mas,
46.17+67.6,09 55 54.88,69 40 53.77,2451586.5,0.5,2000,1.4,0.2,1.4,0.2,,,15,MCDONALD_2002,200 mas,
38.76+53.4,09 55 47.53,69 40 39.85,2451586.5,0.5,2000,0.27,0.06,0.27,0.06,,,15,MCDONALD_2002,85 mas,
39.29+54.2,09 55 48.05,69 40 40.56,2451586.5,0.5,2000,1.3,0.1,1.3,0.1,,,15,MCDONALD_2002,85 mas,
39.68+55.6,09 55 48.43,69 40 41.88,2451586.5,0.5,2000,3.4,0.2,3.4,0.2,,,15,MCDONALD_2002,85 mas,
40.62+56.0,09 55 49.35,69 40 42.36,2451586.5,0.5,2000,0.22,0.05,0.22,0.05,,,15,MCDONALD_2002,85 mas,
40.95+58.8,09 55 49.69,69 40 45.11,2451586.5,0.5,2000,1.4,0.1,1.4,0.1,,,15,MCDONALD_2002,85 mas,
40.96+57.9,09 55 49.71,69 40 44.10,2451586.5,0.5,2000,0.62,0.07,0.62,0.07,,,15,MCDONALD_2002,85 mas,
41.17+56.2,09 55 49.93,69 40 42.40,2451586.5,0.5,2000,1.9,0.2,1.9,0.2,,,15,MCDONALD_2002,85 mas,
41.64+57.3,09 55 50.39,69 40 44.16,2451586.5,0.5,2000,1.6,0.1,1.6,0.1,,,15,MCDONALD_2002,85 mas,
42.08+58.4,09 55 50.82,69 40 44.59,2451586.5,0.5,2000,1.6,0.1,1.6,0.1,,,15,MCDONALD_2002,85 mas,
42.48+58.4,09 55 51.22,69 40 44.54,2451586.5,0.5,2000,0.43,0.08,0.43,0.08,,,15,MCDONALD_2002,85 mas,
42.56+58.0,09 55 51.30,69 40 44.24,2451586.5,0.5,2000,1.5,0.1,1.5,0.1,,,15,MCDONALD_2002,85 mas,
42.66+56.4,09 55 51.41,69 40 42.58,2451586.5,0.5,2000,0.3,0.6,0.3,0.6,,,15,MCDONALD_2002,85 mas,
42.69+58.2,09 55 51.43,69 40 44.42,2451586.5,0.5,2000,1.7,0.2,1.7,0.2,,,15,MCDONALD_2002,85 mas,
42.82+61.3,09 55 51.55,69 40 47.48,2451586.5,0.5,2000,0.41,0.07,0.41,0.07,,,15,MCDONALD_2002,85 mas,
44.43+61.8,09 55 53.14,69 40 47.84,2451586.5,0.5,2000,0.67,0.1,0.67,0.1,,,15,MCDONALD_2002,85 mas,
44.91+61.1,09 55 53.62,69 40 47.29,2451586.5,0.5,2000,0.43,0.07,0.43,0.07,,,15,MCDONALD_2002,85 mas,
44.93+63.9,09 55 53.65,69 40 50.0,2451586.5,0.5,2000,0.5,0.08,0.5,0.08,,,15,MCDONALD_2002,85 mas,
45.33+64.6,09 55 54.05,69 40 50.71,2451586.5,0.5,2000,0.59,0.09,0.59,0.09,,,15,MCDONALD_2002,85 mas,
45.41+63.7,09 55 54.12,69 40 49.81,2451586.5,0.5,2000,0.43,0.06,0.43,0.06,,,15,MCDONALD_2002,85 mas,
46.17+67.6,09 55 54.88,69 40 53.77,2451586.5,0.5,2000,1,0.1,1,0.1,,,15,MCDONALD_2002,85 mas,
38.76+53.4,09 55 47.53,69 40 39.85,2451222.5,8.5,1999,0.26,0.05,0.26,0.05,,,5,MCDONALD_2002,200mas,
39.29+54.2,09 55 48.05,69 40 40.56,2451222.5,8.5,1999,1.7,0.2,1.7,0.2,,,5,MCDONALD_2002,200mas,
39.68+55.6,09 55 48.43,69 40 41.88,2451222.5,8.5,1999,1.5,0.2,1.5,0.2,,,5,MCDONALD_2002,200mas,
40.62+56.0,09 55 49.35,69 40 42.36,2451222.5,8.5,1999,1.2,0.3,1.2,0.3,,,5,MCDONALD_2002,200mas,
40.95.58.8,09 55 49.69,69 40 45.11,2451222.5,8.5,1999,1.4,0.4,1.4,0.4,,,5,MCDONALD_2002,200mas,
40.96+57.9,09 55 49.71,69 40 44.10,2451222.5,8.5,1999,0.86,0.22,0.86,0.22,,,5,MCDONALD_2002,200mas,
41.17+56.2,09 55 49.93,69 40 42.40,2451222.5,8.5,1999,2,0.3,2,0.3,,,5,MCDONALD_2002,200mas,
41.64+57.3,09 55 50.39,69 40 44.16,2451222.5,8.5,1999,0.96,0.19,0.96,0.19,,,5,MCDONALD_2002,200mas,
42.08+58.4,09 55 50.82,69 40 44.59,2451222.5,8.5,1999,1.2,0.4,1.2,0.4,,,5,MCDONALD_2002,200mas,
42.48+58.4,09 55 51.22,69 40 44.54,2451222.5,8.5,1999,1.8,0.2,1.8,0.2,,,5,MCDONALD_2002,200mas,
42.56+58.0,09 55 51.30,69 40 44.24,2451222.5,8.5,1999,2.7,0.4,2.7,0.4,,,5,MCDONALD_2002,200mas,
42.66+56.4,09 55 51.41,69 40 42.58,2451222.5,8.5,1999,0.62,0.25,0.62,0.25,,,5,MCDONALD_2002,200mas,
42.69+58.2,09 55 51.43,69 40 44.42,2451222.5,8.5,1999,0.97,0.43,0.97,0.43,,,5,MCDONALD_2002,200mas,
42.82+61.3,09 55 51.55,69 40 47.48,2451222.5,8.5,1999,1.5,0.2,1.5,0.2,,,5,MCDONALD_2002,200mas,
44.43+61.8,09 55 53.14,69 40 47.84,2451222.5,8.5,1999,1.1,0.3,1.1,0.3,,,5,MCDONALD_2002,200mas,
44.91+61.1,09 55 53.62,69 40 47.29,2451222.5,8.5,1999,1.2,0.2,1.2,0.2,,,5,MCDONALD_2002,200mas,
44.93+63.9,09 55 53.65,69 40 50.0,2451222.5,8.5,1999,0.26,0.09,0.26,0.09,,,5,MCDONALD_2002,200mas,
45.33+64.6,09 55 54.05,69 40 50.71,2451222.5,8.5,1999,0.63,0.17,0.63,0.17,,,5,MCDONALD_2002,200mas,
45.41+63.7,09 55 54.12,69 40 49.81,2451222.5,8.5,1999,0.21,0.07,0.21,0.07,,,5,MCDONALD_2002,200mas,
46.17+67.6,09 55 54.88,69 40 53.77,2451222.5,8.5,1999,1.1,0.2,1.1,0.2,,,5,MCDONALD_2002,200mas,
38.76+53.4,09 55 47.53,69 40 39.85,2451222.5,8.5,1999,0.15,0.03,0.15,0.03,,,5,MCDONALD_2002,85mas,
39.29+54.2,09 55 48.05,69 40 40.56,2451222.5,8.5,1999,0.21,0.03,0.21,0.03,,,5,MCDONALD_2002,85mas,
39.68+55.6,09 55 48.43,69 40 41.88,2451222.5,8.5,1999,1.1,0.1,1.1,0.1,,,5,MCDONALD_2002,85mas,
40.62+56.0,09 55 49.35,69 40 42.36,2451222.5,8.5,1999,0.49,0.09,0.49,0.09,,,5,MCDONALD_2002,85mas,
40.95+58.8,09 55 49.69,69 40 45.11,2451222.5,8.5,1999,0.85,0.09,0.85,0.09,,,5,MCDONALD_2002,85mas,
41.17+56.2,09 55 49.93,69 40 42.40,2451222.5,8.5,1999,0.72,0.1,0.72,0.1,,,5,MCDONALD_2002,85mas,
41.64+57.3,09 55 50.39,69 40 44.16,2451222.5,8.5,1999,0.36,0.06,0.36,0.06,,,5,MCDONALD_2002,85mas,
42.08+58.4,09 55 50.82,69 40 44.59,2451222.5,8.5,1999,0.35,0.06,0.35,0.06,,,5,MCDONALD_2002,85mas,
42.56+58.0,09 55 51.30,69 40 44.24,2451222.5,8.5,1999,0.56,0.07,0.56,0.07,,,5,MCDONALD_2002,85mas,
42.66+56.4,09 55 51.41,69 40 42.58,2451222.5,8.5,1999,0.58,0.07,0.58,0.07,,,5,MCDONALD_2002,85mas,
42.69+58.2,09 55 51.43,69 40 44.42,2451222.5,8.5,1999,0.54,0.06,0.54,0.06,,,5,MCDONALD_2002,85mas,
42.82+61.3,09 55 51.55,69 40 47.48,2451222.5,8.5,1999,0.83,0.08,0.83,0.08,,,5,MCDONALD_2002,85mas,
44.43+61.8,09 55 53.14,69 40 47.84,2451222.5,8.5,1999,0.72,0.09,0.72,0.09,,,5,MCDONALD_2002,85mas,
44.91+61.1,09 55 53.62,69 40 47.29,2451222.5,8.5,1999,0.71,0.07,0.71,0.07,,,5,MCDONALD_2002,85mas,
46.17+67.6,09 55 54.88,69 40 53.77,2451222.5,8.5,1999,0.48,0.06,0.48,0.06,,,5,MCDONALD_2002,85mas,
39.1+57.4,09 55 47.88,69 40 43.68,2447950.5,4,1990,2.93,0.09,2.08,,,,8.4,HUANG_1994,"0"".182",
39.3+54.3,09 55 48.06,69 40 40.58,2447950.5,4,1990,0.81,0.1,0.65,,,,8.4,HUANG_1994,"0"".182",
39.4+56.1,09 55 48.16,69 40 42.45,2447950.5,4,1990,1.26,0.08,0.53,,,,8.4,HUANG_1994,"0"".182",
39.64+53.4,09 55 48.40,69 40 39.66,2447950.5,4,1990,1.04,0.09,0.47,,,,8.4,HUANG_1994,"0"".182",
39.7+55.6,09 55 48.44,69 40 41.90,2447950.5,4,1990,2.45,0.11,1.81,,,,8.4,HUANG_1994,"0"".182",
40.6+56.1,09 55 49.36,69 40 42.34,2447950.5,4,1990,1.11,0.1,0.52,,,,8.4,HUANG_1994,"0"".182",
40.7+55.1,09 55 49.43,69 40 41.38,2447950.5,4,1990,4.65,0.1,2.97,,,,8.4,HUANG_1994,"0"".182",
40.9+58.6,09 55 49.65,69 40 44.83,2447950.5,4,1990,1.21,0.08,0.49,,,,8.4,HUANG_1994,"0"".182",
40.9+58.9,09 55 49.70,69 40 45.14,2447950.5,4,1990,1.68,0.08,1.06,,,,8.4,HUANG_1994,"0"".182",
41.2+56.2,09 55 49.93,69 40 42.43,2447950.5,4,1990,3.48,0.09,1.08,,,,8.4,HUANG_1994,"0"".182",
41.3+59.6,09 55 50.06,69 40 45.87,2447950.5,4,1990,2.11,0.16,1.75,,,,8.4,HUANG_1994,"0"".182",
41.5+60.6,09 55 50.21,69 40 46.83,2447950.5,4,1990,0.55,0.12,0.36,,,,8.4,HUANG_1994,"0"".182",
41.5+57.0,09 55 50.25,69 40 43.18,2447950.5,4,1990,1.81,0.08,0.37,,,,8.4,HUANG_1994,"0"".182",
41.5+57.6,09 55 50.28,69 40 43.86,2447950.5,4,1990,1,0.1,0.41,,,,8.4,HUANG_1994,"0"".182",
41.6+57.9,09 55 50.39,69 40 44.15,2447950.5,4,1990,1.1,0.1,0.63,,,,8.4,HUANG_1994,"0"".182",
41.95+57.5,09 55 50.69,69 40 43.76,2447950.5,4,1990,32.5,0.11,31.4,,,,8.4,HUANG_1994,"0"".182",
42.1+58.4,09 55 50.83,69 40 44.61,2447950.5,4,1990,1.15,0.11,0.98,,,,8.4,HUANG_1994,"0"".182",
42.2+59.1,09 55 50.96,69 40 45.26,2447950.5,4,1990,1.89,0.13,1.32,,,,8.4,HUANG_1994,"0"".182",
42.5+58.2,09 55 51.23,69 40 44.43,2447950.5,4,1990,2.27,0.12,0.46,,,,8.4,HUANG_1994,"0"".182",
42.6+58.0,09 55 51.30,69 40 44.21,2447950.5,4,1990,1.88,0.11,1.18,,,,8.4,HUANG_1994,"0"".182",
42.6+60.6,09 55 51.37,69 40 46.77,2447950.5,4,1990,0.87,0.1,0.52,,,,8.4,HUANG_1994,"0"".182",
42.7+55.7,09 55 51.40,69 40 41.83,2447950.5,4,1990,1.38,0.1,0.41,,,,8.4,HUANG_1994,"0"".182",
42.7+58.2,09 55 51.43,69 40 44.42,2447950.5,4,1990,0.67,0.13,0.46,,,,8.4,HUANG_1994,"0"".182",
42.7+57.7,09 55 51.45,69 40 43.92,2447950.5,4,1990,1.26,0.11,0.84,,,,8.4,HUANG_1994,"0"".182",
42.7+58.0,09 55 51.47,69 40 44.14,2447950.5,4,1990,1.64,0.09,0.51,,,,8.4,HUANG_1994,"0"".182",
42.8+53.5,09 55 51.52,69 40 39.65,2447950.5,4,1990,0.46,0.11,0.37,,,,8.4,HUANG_1994,"0"".182",
42.8+61.3,09 55 51.56,69 40 47.52,2447950.5,4,1990,0.95,0.1,0.62,,,,8.4,HUANG_1994,"0"".182",
43+59,09 55 51.70,69 40 45.18,2447950.5,4,1990,0.97,0.11,0.37,,,,8.4,HUANG_1994,"0"".182",
43.2+58.4,09 55 52.02,69 40 44.51 ,2447950.5,4,1990,3.19,0.07,2.85,,,,8.4,HUANG_1994,"0"".182",
43.3+59.2,09 55 52.04,69 40 45.36,2447950.5,4,1990,7.16,0.09,6.83,,,,8.4,HUANG_1994,"0"".182",
43.8+62.9,09 55 52.55,69 40 48.99,2447950.5,4,1990,0.94,0.01,0.36,,,,8.4,HUANG_1994,"0"".182",
43.8+61.9,09 55 52.56 ,69 40 47.99,2447950.5,4,1990,0.92,0.09,0.37,,,,8.4,HUANG_1994,"0"".182",
44+59.6,09 55 52.74,69 40 45.72,2447950.5,4,1990,20.2,0.14,18.6,,,,8.4,HUANG_1994,"0"".182",
44.3+59.3,09 55 53.00,69 40 45.43,2447950.5,4,1990,1.43,0.07,0.99,,,,8.4,HUANG_1994,"0"".182",
44.43+61.8,09 55 53.15,69 40 47.87,2447950.5,4,1990,1.21,0.09,0.71,,,,8.4,HUANG_1994,"0"".182",
44.5+63.1,09 55 51.19,69 40 49.18,2447950.5,4,1990,0.59,0.07,0.38,,,,8.4,HUANG_1994,"0"".182",
44.5+58.2,09 55 53.23,69 40 44.27,2447950.5,4,1990,1.26,0.12,0.77,,,,8.4,HUANG_1994,"0"".182",
44.9+61.2,09 55 53.63,69 40 47.33,2447950.5,4,1990,0.73,0.12,0.61,,,,8.4,HUANG_1994,"0"".182",
45.2+61.3,09 55 53.89,69 40 47.35,2447950.5,4,1990,4.83,0.09,4.12,,,,8.4,HUANG_1994,"0"".182",
45.3+65.2,09 55 53.97,69 40 51.27,2447950.5,4,1990,1.04,0.12,0.66,,,,8.4,HUANG_1994,"0"".182",
45.4+67.4,09 55 54.15,69 40 53.50,2447950.5,4,1990,1.24,0.11,0.78,,,,8.4,HUANG_1994,"0"".182",
45.4+64.9,09 55 54.15,69 40 50.10,2447950.5,4,1990,1.24,0.1,0.49,,,,8.4,HUANG_1994,"0"".182",
45.6+52.3,09 55 54.34,69 40 38.41,2447950.5,4,1990,0.68,0.08,0.38,,,,8.4,HUANG_1994,"0"".182",
45.7+62.9,09 55 54.38,69 40 48.99,2447950.5,4,1990,0.64,0.09,0.48,,,,8.4,HUANG_1994,"0"".182",
45.8+65.3,09 55 54.47,69 40 51.33,2447950.5,4,1990,1.45,0.09,0.94,,,,8.4,HUANG_1994,"0"".182",
45.9+63.9,09 55 54.62,69 40 49.94,2447950.5,4,1990,1.79,0.07,1.13,,,,8.4,HUANG_1994,"0"".182",
46.2+67.7,09 55 54.90,69 40 53.75,2447950.5,4,1990,1.54,0.09,0.6,,,,8.4,HUANG_1994,"0"".182",
46.5+63.9,09 55 55.23,69 40 49.95,2447950.5,4,1990,1.47,0.11,1.15,,,,8.4,HUANG_1994,"0"".182",
46.6+73.8,09 55 55.28,69 40 59.84,2447950.5,4,1990,0.55,0.08,0.45,,,,8.4,HUANG_1994,"0"".182",
46.7+67.0,09 55 55.42,69 40 53.07,2447950.5,4,1990,0.9,0.12,0.42,,,,8.4,HUANG_1994,"0"".182",
41.95+57.5,09 55 50.69,69 40 43.76,2450601.5,1,1997,47,2,20.7,,,,1.67,PEDLAR_1999,15mas,has size in mas & mean shell radius w/ error in mas
43.31+59.2,09 55 52.03,+69 40 45.42,2450601.5,1,1997,15.7,0.5,2,,,,1.67,PEDLAR_1999,15mas,
43.18+58.3,09 55 51.91,+69 40 44.58,2450601.5,1,1997,2.6,0.5,0.4,,,,1.67,PEDLAR_1999,15mas,
44.01+59.6,09 55 52.72,+69 40 45.77,2450601.5,1,1997,8.2,0.5,0.8,,,,1.67,PEDLAR_1999,15mas,
45.17+61.2,09 55 53.88,+69 40 47.41,2450601.5,1,1997,8.7,0.5,1,,,,1.67,PEDLAR_1999,15mas,
43.31+59.2,09 55 52.03,+69 40 45.42,2446775.5,0.5,1986,14,4,3.4,,,,1.43,PEDLAR_1999,15mas,
53.11+48.0,09 55 53.094,69 40 47.88,2450036.5,15,1995,5.57,,5.57,,,,1.665,ARGO_2007,0.''2,
53.11+48.0,09 55 53.094,69 40 47.88,2450036.5,15,1995,2.6,,2.6,,,,1.667,ARGO_2007,0.''2,fluxes are upper limits
50.97+45.3,09 55 50.924,69 40 45.37,2450036.5,15,1995,8.35,,8.35,,,,1.665,ARGO_2007,0.''2,
50.97+45.3,09 55 50.924,69 40 45.37,2450036.5,15,1995,7.83,,7.83,,,,1.667,ARGO_2007,0.''2,
50.35+44.1,09 55 50.350,69 40 44.13,2450036.5,15,1995,7.01,,7.01,,,,1.665,ARGO_2007,0.''2,
50.35+44.1,09 55 50.350,69 40 44.13,2450036.5,15,1995,29.9,,29.9,,,,1.667,ARGO_2007,0.''2,
50.02+45.8,09 55 50.017,69 40 45.83,2450036.5,15,1995,4.3,,4.3,,,,1.665,ARGO_2007,0.''2,
50.02+45.8,09 55 50.017,69 40 45.83,2450036.5,15,1995,5.09,,5.09,,,,1.667,ARGO_2007,0.''2,
49.71+44.4,09 55 49.689,69 40 44.17,2450036.5,15,1995,2.6,,2.6,,,,1.665,ARGO_2007,0.''2,fluxes are upper limits
49.71+44.4,09 55 49.689,69 40 44.17,2450036.5,15,1995,5.29,,5.29,,,,1.667,ARGO_2007,0.''2,
48.45+42.1,09 55 48.360,69 40 41.93,2450036.5,15,1995,4.15,,4.15,,,,1.665,ARGO_2007,0.''2,
48.45+42.1,09 55 48.360,69 40 41.93,2450036.5,15,1995,6.94,,6.94,,,,1.667,ARGO_2007,0.''2,
37.53+53.2,09 55 46.30,+69 40 39.52,2452378.5,14,2002,0.121,0.024,0.085,0.016,475.1,,5,FENECH_2008,0.''35,
38.76+53.5,09 55 47.53,+69 40 39.93,2452378.5,14,2002,0.272,0.03,0.181,0.017,58.4x36.5,7.1x5.9,5,FENECH_2008,0.''35,
39.10+57.3,09 55 47.87,+69 40 43.73,2452378.5,14,2002,3.555,0.084,0.381,0.019,219,10,5,FENECH_2008,0.''35,
39.28+54.1,09 55 48.05,+69 40 40.62,2452378.5,14,2002,0.468,0.041,0.197,0.016,113.2x67.9,14.1x9.4,5,FENECH_2008,0.''35,
39.40+56.2,09 55 48.16,+69 40 42.53,2452378.5,14,2002,0.82,0.071,0.154,0.018,361,,5,FENECH_2008,0.''35,
39.64+53.3,09 55 48.41,+69 40 39.68,2452378.5,14,2002,0.099,0.019,0.099,0.016,241,,5,FENECH_2008,0.''35,
39.67+55.5,09 55 48.43,+69 40 41.96,2452378.5,14,2002,0.808,0.042,0.283,0.017,107.2x85.1,8.1x6.7,5,FENECH_2008,0.''35,
39.77+56.9,09 55 48.54,+69 40 43.36,2452378.5,14,2002,0.18,0.022,0.089,0.016,262 (LAS),,5,FENECH_2008,0.''35,
40.32+55.2,09 55 49.07,+69 40 41.53,2452378.5,14,2002,0.253,0.03,0.114,0.017,76,,5,FENECH_2008,0.''35,
40.61+56.3,09 55 49.32,+69 40 42.19,2452378.5,14,2002,0.409,0.039,0.104,0.016,429 (LAS),,5,FENECH_2008,0.''35,
40.68+55.1,09 55 49.42,+69 40 41.42,2452378.5,14,2002,6.093,0.08,0.484,0.016,255,,5,FENECH_2008,0.''35,
40.94+58.8,09 55 49.69,+69 40 45.19,2452378.5,14,2002,0.264,0.039,0.142,0.02,266x75,,5,FENECH_2008,0.''35,
41.18+56.2,09 55 49.92,+69 40 42.51,2452378.5,14,2002,0.83,0.056,0.177,0.019,262x75,,5,FENECH_2008,0.''35,
41.30+59.6,09 55 50.05,+69 40 45.92,2452378.5,14,2002,2.296,0.081,0.565,0.027,126,,5,FENECH_2008,0.''35,
41.64+57.9,09 55 50.41,+69 40 44.29,2452378.5,14,2002,0.236,0.035,0.105,0.017,421 (LAS),,5,FENECH_2008,0.''35,
41.95+57.5,09 55 50.69,+69 40 43.76,2452378.5,14,2002,17.035,0.073,14.395,0.028,23.6x14.3,0.1x0.2,5,FENECH_2008,0.''35,
42.08+58.4,09 55 50.82,+69 40 44.67,2452378.5,14,2002,0.321,0.037,0.125,0.018,165x73,,5,FENECH_2008,0.''35,
42.20+59.1,09 55 50.94,+69 40 45.34,2452378.5,14,2002,1.038,0.061,0.178,0.018,172,,5,FENECH_2008,0.''35,
42.43+59.5,09 55 51.17,+69 40 45.70,2452378.5,14,2002,0.179,0.023,0.095,0.015,261,,5,FENECH_2008,0.''35,
42.48+58.4,09 55 51.20,+69 40 44.59,2452378.5,14,2002,0.973,0.067,0.16,0.018,572x202,,5,FENECH_2008,0.''35,
42.61+60.7,09 55 51.35,+69 40 46.89,2452378.5,14,2002,0.3,0.04,0.127,0.019,254x168,,5,FENECH_2008,0.''35,
42.62+59.9,09 55 51.37,+69 40 46.19,2452378.5,14,2002,0.238,0.036,0.117,0.019,283,,5,FENECH_2008,0.''35,
42.66+51.6,09 55 51.38,+69 40 47.76,2452378.5,14,2002,0.205,0.041,0.091,0.018,80,,5,FENECH_2008,0.''35,
42.67+55.6,09 55 51.37,+69 40 41.78,2452378.5,14,2002,1.104,0.082,0.161,0.024,215,,5,FENECH_2008,0.''35,
42.67+56.3,09 55 51.40,+69 40 42.65,2452378.5,14,2002,0.843,0.063,0.239,0.021,86,,5,FENECH_2008,0.''35,
42.69+58.2,09 55 51.44,+69 40 44.29,2452378.5,14,2002,0.545,0.057,0.157,0.018,375,,5,FENECH_2008,0.''35,
42.80+61.2,09 55 51.54,+69 40 47.53,2452378.5,14,2002,0.545,0.044,0.263,0.019,93.6x51.6,8.1x4.9,5,FENECH_2008,0.''35,
43.18+58.2,09 55 51.91,+69 40 44.58,2452378.5,14,2002,3.908,0.088,0.943,0.027,125.3,,5,FENECH_2008,0.''35,
43.31+59.2,09 55 52.03,+69 40 45.42,2452378.5,14,2002,9.53,0.051,5.273,0.018,48.2x40.1,0.31x0.27,5,FENECH_2008,0.''35,
43.40+62.6,09 55 52.11,+69 40 48.74,2452378.5,14,2002,0.454,0.059,0.174,0.024,276x166,,5,FENECH_2008,0.''35,
43.55+60.0,09 55 52.27,+69 40 46.31,2452378.5,14,2002,0.131,0.024,0.098,0.017,273 (LAS),,5,FENECH_2008,0.''35,
43.72+62.6,09 55 52.43,+69 40 48.79,2452378.5,14,2002,0.274,0.03,0.154,0.017,98.1x55.9,15x10,5,FENECH_2008,0.''35,
43.82+62.8,09 55 52.54,+69 40 48.98,2452378.5,14,2002,0.322,0.035,0.101,0.016,283 (LAS),,5,FENECH_2008,0.''35,
44.01+59.6,09 55 52.72,+69 40 45.77,2452378.5,14,2002,19.435,0.072,9.984,0.024,51.3x49.4,0.2x0.2,5,FENECH_2008,0.''35,
44.08+63.1,09 55 52.75,+69 40 49.46,2452378.5,14,2002,0.4,0.04,0.112,0.017,403,,5,FENECH_2008,0.''35,
44.28+59.3,09 55 52.99,+69 40 45.53,2452378.5,14,2002,1.642,0.063,0.335,0.019,206,,5,FENECH_2008,0.''35,
44.34+57.8,09 55 53.05,+69 40 43.94,2452378.5,14,2002,0.954,0.061,0.242,0.019,147,,5,FENECH_2008,0.''35,
44.40+61.8,09 55 53.13,+69 40 47.87,2452378.5,14,2002,0.631,0.063,0.142,0.023,288,,5,FENECH_2008,0.''35,
44.51+58.2,09 55 53.22,+69 40 44.36,2452378.5,14,2002,1.446,0.067,0.212,0.018,178,,5,FENECH_2008,0.''35,
44.89+61.2,09 55 53.61,+69 40 47.35,2452378.5,14,2002,0.858,0.049,0.212,0.017,130x63,,5,FENECH_2008,0.''35,
44.93+64.0,09 55 53.63,+69 40 50.01,2452378.5,14,2002,0.211,0.034,0.093,0.017,127 (LAS),,5,FENECH_2008,0.''35,
45.17+61.2,09 55 53.88,+69 40 47.41,2452378.5,14,2002,6.31,0.069,2.427,0.021,75.9x47.4,1.1x1.0,5,FENECH_2008,0.''35,
45.24+65.2,09 55 53.96,+69 40 51.36,2452378.5,14,2002,1.065,0.063,0.193,0.019,219,,5,FENECH_2008,0.''35,
45.39+60.3,09 55 54.12,+69 40 46.43,2452378.5,14,2002,0.447,0.055,0.099,0.021,520 (LAS),,5,FENECH_2008,0.''35,
45.42+67.4,09 55 54.13,+69 40 53.53,2452378.5,14,2002,1.152,0.059,0.271,0.016,202,,5,FENECH_2008,0.''35,
45.52+64.7,09 55 54.22,+69 40 50.94,2452378.5,14,2002,0.173,0.029,0.095,0.017,98 (LAS),,5,FENECH_2008,0.''35,
45.62+67.0,09 55 54.32,+69 40 53.12,2452378.5,14,2002,0.853,0.061,0.122,0.016,200,,5,FENECH_2008,0.''35,
45.75+65.3,09 55 54.44,+69 40 51.43,2452378.5,14,2002,1.522,0.087,0.228,0.019,251,,5,FENECH_2008,0.''35,
45.79+64.0,09 55 54.50,+69 40 50.22,2452378.5,14,2002,0.192,0.025,0.121,0.015,188x61,,5,FENECH_2008,0.''35,
45.89+63.8,09 55 54.60,+69 40 49.98,2452378.5,14,2002,1.24,0.044,0.482,0.016,88.6x46.3,4x2,5,FENECH_2008,0.''35,
46.17+67.6,09 55 54.89,+69 40 53.81,2452378.5,14,2002,1.149,0.081,0.128,0.017,213,,5,FENECH_2008,0.''35,
46.34+66.2,09 55 55.06,+69 40 52.48,2452378.5,14,2002,0.207,0.026,0.101,0.017,350 (LAS),,5,FENECH_2008,0.''35,
46.52+63.9,09 55 55.21,+69 40 50.05,2452378.5,14,2002,0.65,0.068,0.13,0.018,172,,5,FENECH_2008,0.''35,
46.56+73.8,09 55 55.26,+69 40 59.90,2452378.5,14,2002,0.556,0.054,0.13,0.018,124,,5,FENECH_2008,0.''35,
46.70+67.1,09 55 55.41,+69 40 53.16,2452378.5,14,2002,1.44,0.097,0.159,0.018,254x140,,5,FENECH_2008,0.''35,
38.76+53.5,09 55 47.53,69 40 39.94,2453432.5,0.5,2005,0.52,0.08,0.36,0.03,69x46,9x7,1.67,FENECH_2010,50mas,
39.10+57.3,09 55 47.88,69 40 43.72,2453432.5,0.5,2005,5.74,0.1,3.63,0.05,229,,1.67,FENECH_2010,50mas,
39.28+54.1,09 55 48.04,69 40 40.59,2453432.5,0.5,2005,0.4,0.11,0.27,0.06,164,,1.67,FENECH_2010,50mas,
39.40+56.2,09 55 48.16,69 40 43.00,2453432.5,0.5,2005,0.65,0.09,0.36,0.05,197x63,,1.67,FENECH_2010,50mas,
39.47+55.4,09 55 48.26,69 40 41.91,2453432.5,0.5,2005,0.56,0.13,0.29,0.07,251x53,,1.67,FENECH_2010,50mas,
39.64+53.3,09 55 48.40,69 40 39.82,2453432.5,0.5,2005,0.41,0.05,0.27,0.03,117x93,,1.67,FENECH_2010,50mas,
40.32+55.2,09 55 49.06,69 40 41.53,2453432.5,0.5,2005,0.95,0.11,0.79,0.06,81x50,7x5,1.67,FENECH_2010,50mas,
40.61+56.3,09 55 49.37,69 40 42.44,2453432.5,0.5,2005,0.64,0.09,0.39,0.06,250,,1.67,FENECH_2010,50mas,
40.68+55.1,09 55 49.42,69 40 41.43,2453432.5,0.5,2005,11.33,0.17,6.48,0.06,182,,1.67,FENECH_2010,50mas,
41.30+59.6,09 55 50.05,69 40 45.92,2453432.5,0.5,2005,3.64,0.11,3.39,0.06,65,,1.67,FENECH_2010,50mas,
41.95+57.5,09 55 50.69,69 40 43.76,2453432.5,0.5,2005,38.25,0.21,36.19,0.08,28.5x21.7,0.1x0.1,1.67,FENECH_2010,50mas,
42.66+51.6,09 55 51.39,69 40 47.80,2453432.5,0.5,2005,1.83,0.08,0.93,0.04,207,,1.67,FENECH_2010,50mas,
42.67+55.6,09 55 51.39,69 40 41.80,2453432.5,0.5,2005,0.97,0.09,0.73,0.05,99,,1.67,FENECH_2010,50mas,
42.67+56.3,09 55 51.40,69 40 42.63,2453432.5,0.5,2005,1.08,0.07,0.92,0.04,132x61,13x7,1.67,FENECH_2010,50mas,
42.80+61.2,09 55 51.55,69 40 47.54,2453432.5,0.5,2005,0.9,0.06,0.87,0.05,71x40,,1.67,FENECH_2010,50mas,
43.18+58.2,09 55 51.91,69 40 44.57,2453432.5,0.5,2005,8.39,0.14,6.9,0.07,107,,1.67,FENECH_2010,50mas,
43.31+59.2,09 55 52.03,69 40 45.42,2453432.5,0.5,2005,23.55,0.35,22.66,0.16,53.6x44.1,0.3x0.2,1.67,FENECH_2010,50mas,
43.72+62.0,09 55 52.45,69 40 48.80,2453432.5,0.5,2005,1.65,0.09,1.08,0.05,208x56,,1.67,FENECH_2010,50mas,
44.01+59.6,09 55 52.73,69 40 45.78,2453432.5,0.5,2005,12.32,0.12,11.43,0.06,56.7x46.6,0.6x0.5,1.67,FENECH_2010,50mas,
44.28+59.3,09 55 52.99,69 40 45.49,2453432.5,0.5,2005,2.84,0.09,2.12,0.05,156,,1.67,FENECH_2010,50mas,
44.34+57.8,09 55 53.05,69 40 43.94,2453432.5,0.5,2005,0.66,0.1,0.65,0.06,118x51,13x6,1.67,FENECH_2010,50mas,
44.40+61.8,09 55 53.15,69 40 48.04,2453432.5,0.5,2005,2.25,0.13,1.14,0.06,235,,1.67,FENECH_2010,50mas,
44.51+58.2,09 55 53.23,69 40 44.36,2453432.5,0.5,2005,1.53,0.1,0.95,0.05,234,,1.67,FENECH_2010,50mas,
44.89+61.2,09 55 53.61,69 40 47.36,2453432.5,0.5,2005,1.97,0.11,1.24,0.05,223x54,,1.67,FENECH_2010,50mas,
45.17+61.2,09 55 53.88,69 40 47.43,2453432.5,0.5,2005,17.6,0.16,14.23,0.07,74x56,,1.67,FENECH_2010,50mas,
45.24+65.2,09 55 53.96,69 40 51.29,2453432.5,0.5,2005,1.59,0.1,1.31,0.06,223,,1.67,FENECH_2010,50mas,
45.39+60.3,09 55 54.07,69 40 46.50,2453432.5,0.5,2005,1.73,0.13,0.88,0.06,172x49,,1.67,FENECH_2010,50mas,
45.42+64.7,09 55 54.13,69 40 53.58,2453432.5,0.5,2005,1.54,0.09,1.24,0.05,201,,1.67,FENECH_2010,50mas,
45.48+64.7,09 55 54.22,69 40 50.94,2453432.5,0.5,2005,1.04,0.08,0.92,0.06,116x55,,1.67,FENECH_2010,50mas,
45.75+65.3,09 55 54.46,69 40 51.43,2453432.5,0.5,2005,3.35,0.16,2.3,0.08,222,,1.67,FENECH_2010,50mas,
45.79+64.0,09 55 54.50,69 40 50.20,2453432.5,0.5,2005,0.31,0.05,0.27,0.03,100x47,13x8,1.67,FENECH_2010,50mas,
45.88+69.7,09 55 54.60,69 40 55.75,2453432.5,0.5,2005,1.08,0.14,0.57,0.07,405x183,,1.67,FENECH_2010,50mas,
45.89+63.9,09 55 54.60,69 40 49.98,2453432.5,0.5,2005,2.37,0.01,2.12,0.01,118x30,,1.67,FENECH_2010,50mas,
46.52+63.9,09 55 55.22,69 40 50.01,2453432.5,0.5,2005,2.6,0.09,2,0.05,172x139,,1.67,FENECH_2010,50mas,
46.56+73.8,09 55 55.26,69 40 59.91,2453432.5,0.5,2005,1.4,0.12,1.26,0.07,135x47,,1.67,FENECH_2010,50mas,
46.70+67.1,09 55 55.41,69 40 53.41,2453432.5,0.5,2005,2.18,0.14,1.22,0.06,260,,1.67,FENECH_2010,50mas,
SN2008iz,09 55 51.55,69 40 45.8,2454948.5,0.5,2009,55.3,6,55.3,6,,,1.43,BRUNTHALER_2010,0.5mas,
SN2008iz,09 55 51.55,69 40 45.8,2454948.5,0.5,2009,29.5,4.5,29.5,4.5,,,4.8,BRUNTHALER_2010,0.5mas,
SN2008iz,09 55 51.55,69 40 45.8,2454948.5,0.5,2009,13.7,2.5,13.7,2.5,,,8.4,BRUNTHALER_2010,0.5mas,
SN2008iz,09 55 51.55,69 40 45.8,2454948.5,0.5,2009,6.2,0.7,6.2,0.7,,,22,BRUNTHALER_2010,0.5mas,
SN2008iz,09 55 51.55,69 40 45.8,2454948.5,0.5,2009,2.5,0.4,2.5,0.4,,,42,BRUNTHALER_2010,0.5mas,
44.01+59.6,09 55 52.73,69 40 45.78,2454948.5,0.5,2009,14.7,5.3,14.7,5.3,,,4.8,BRUNTHALER_2010,0.5mas,
44.01+59.6,09 55 52.73,69 40 45.78,2454948.5,0.5,2009,15,2,15,2,,,8.4,BRUNTHALER_2010,0.5mas,
44.01+59.6,09 55 52.73,69 40 45.78,2454948.5,0.5,2009,8.7,0.6,8.7,0.6,,,22,BRUNTHALER_2010,0.5mas,
44.01+59.6,09 55 52.73,69 40 45.78,2454948.5,0.5,2009,3.6,0.4,3.6,0.4,,,43,BRUNTHALER_2010,0.5mas,
45.17+61.2,09 55 53.88,69 40 47.43,2454948.5,0.5,2009,8.5,1.6,8.5,1.6,,,4.8,BRUNTHALER_2010,0.5mas,
45.17+61.2,09 55 53.88,69 40 47.43,2454948.5,0.5,2009,5.8,0.7,5.8,0.7,,,8.4,BRUNTHALER_2010,0.5mas,
45.17+61.2,09 55 53.88,69 40 47.43,2454948.5,0.5,2009,3,0.9,3,0.9,,,22,BRUNTHALER_2010,0.5mas,
45.17+61.2,09 55 53.88,69 40 47.43,2454948.5,0.5,2009,0.8,0.3,0.8,0.3,,,43,BRUNTHALER_2010,0.5mas,
SN2008iz,09 55 51.55,69 40 45.8,2455108.5,0.5,2009,64,6,57.9,0.5,,,1.67,KIMANI_2016,4.3mas,
SN2008iz,09 55 51.55,69 40 45.8,2455169.5,0.5,2009,55,4,50.9,0.4,,,1.67,KIMANI_2016,4.3mas,
SN2008iz,09 55 51.55,69 40 45.8,2455233.5,0.5,2010,42,8,34.6,0.2,,,1.67,KIMANI_2016,4.3mas,
SN2008iz,09 55 51.55,69 40 45.8,2455275.5,0.5,2010,,,,,,,1.67,KIMANI_2016,4.3mas,
SN2008iz,09 55 51.55,69 40 45.8,2455320.5,0.5,2010,39,9,30.8,0.2,,,1.67,KIMANI_2016,4.3mas,
SN2008iz,09 55 51.55,69 40 45.8,2455345.5,0.5,2010,,,,,,,1.67,KIMANI_2016,4.3mas,
SN2008iz,09 55 51.55,69 40 45.8,2455354.5,0.5,2010,32,8,24.9,0.1,,,1.67,KIMANI_2016,4.3mas,
SN2008iz,09 55 51.55,69 40 45.8,2455379.5,0.5,2010,35,8,26.5,0.2,,,1.67,KIMANI_2016,4.3mas,
SN2008iz,09 55 51.55,69 40 45.8,2455325.5,0.5,2010,30,9,20.8,0.1,,,1.67,KIMANI_2016,4.3mas,
SN2008iz,09 55 51.55,69 40 45.8,2455519.5,0.5,2010,30,9,21.5,0.1,,,1.67,KIMANI_2016,4.3mas,
SN2008iz,09 55 51.55,69 40 45.8,2455568.5,0.5,2011,27,9,17.6,0.1,,,1.67,KIMANI_2016,4.3mas,
SN2008iz,09 55 51.55,69 40 45.8,2455638.5,0.5,2011,26,9,17.1,0.1,,,1.67,KIMANI_2016,4.3mas,
SN2008iz,09 55 51.55,69 40 45.8,2455693.5,0.5,2011,26,9,17.3,0.2,,,1.67,KIMANI_2016,4.3mas,
SN2008iz,09 55 51.55,69 40 45.8,2455784.5,0.5,2011,25,10,15.2,0.1,,,1.67,KIMANI_2016,4.3mas,
SN2008iz,09 55 51.55,69 40 45.8,2455784.5,0.5,2011,24,9,15.3,0.1,,,1.67,KIMANI_2016,4.3mas,
SN2008iz,09 55 51.55,69 40 45.8,2455827.5,0.5,2011,25,2,12.6,0.1,,,1.67,KIMANI_2016,4.3mas,
SN2008iz,09 55 51.55,69 40 45.8,2455827.5,0.5,2011,21,9,12,0.1,,,1.67,KIMANI_2016,4.3mas,
SN2008iz,09 55 51.55,69 40 45.8,2455914.5,0.5,2011,28,9,18.7,0.2,,,1.67,KIMANI_2016,4.3mas,
SN2008iz,09 55 51.55,69 40 45.8,2456164.5,0.5,2012,39,9,30.3,0.3,,,1.67,KIMANI_2016,4.3mas,
SN2008iz,09 55 51.55,69 40 45.8,2456320.5,0.5,2013,40,9,21.2,0.1,,,1.67,KIMANI_2016,4.3mas,
SN2008iz,09 55 51.55,69 40 45.8,2455108.5,0.5,2009,,,3.02,0.04,1.8,0.2,4.8,KIMANI_2016,1.2mas,
SN2008iz,09 55 51.55,69 40 45.8,2455169.5,0.5,2009,,,2.61,0.03,1.9,0.2,4.8,KIMANI_2016,1.2mas,
SN2008iz,09 55 51.55,69 40 45.8,2455233.5,0.5,2010,,,2.09,0.03,2,0.2,4.8,KIMANI_2016,1.2mas,
SN2008iz,09 55 51.55,69 40 45.8,2455275.5,0.5,2010,,,1.8,0.03,2.3,0.2,4.8,KIMANI_2016,1.2mas,
SN2008iz,09 55 51.55,69 40 45.8,2455320.5,0.5,2010,,,1.79,0.03,2.3,0.2,4.8,KIMANI_2016,1.2mas,
SN2008iz,09 55 51.55,69 40 45.8,2455345.5,0.5,2010,,,1.71,0.03,2.4,0.2,4.8,KIMANI_2016,1.2mas,
SN2008iz,09 55 51.55,69 40 45.8,2455354.5,0.5,2010,,,,,,,4.8,KIMANI_2016,1.2mas,
SN2008iz,09 55 51.55,69 40 45.8,2455379.5,0.5,2010,,,4.56,0.05,,,4.8,KIMANI_2016,1.2mas,
SN2008iz,09 55 51.55,69 40 45.8,2455325.5,0.5,2010,,,3.73,0.04,2.5,0.2,4.8,KIMANI_2016,1.2mas,
SN2008iz,09 55 51.55,69 40 45.8,2455519.5,0.5,2010,,,1.73,0.03,2.8,0.2,4.8,KIMANI_2016,1.2mas,
SN2008iz,09 55 51.55,69 40 45.8,2455568.5,0.5,2011,,,1.15,0.03,2.9,0.3,4.8,KIMANI_2016,1.2mas,
SN2008iz,09 55 51.55,69 40 45.8,2455638.5,0.5,2011,,,0.98,0.03,3,0.3,4.8,KIMANI_2016,1.2mas,
SN2008iz,09 55 51.55,69 40 45.8,2455693.5,0.5,2011,,,0.76,0.03,3.1,0.3,4.8,KIMANI_2016,1.2mas,
SN2008iz,09 55 51.55,69 40 45.8,2455784.5,0.5,2011,,,1.55,0.05,,,4.8,KIMANI_2016,1.2mas,
SN2008iz,09 55 51.55,69 40 45.8,2455784.5,0.5,2011,,,3.78,0.04,,,4.8,KIMANI_2016,1.2mas,
SN2008iz,09 55 51.55,69 40 45.8,2455827.5,0.5,2011,,,0.91,0.03,3.4,0.3,4.8,KIMANI_2016,1.2mas,
SN2008iz,09 55 51.55,69 40 45.8,2455827.5,0.5,2011,,,3.17,0.07,,,4.8,KIMANI_2016,1.2mas,
SN2008iz,09 55 51.55,69 40 45.8,2455914.5,0.5,2011,,,0.75,0.03,3.7,0.6,4.8,KIMANI_2016,1.2mas,
SN2008iz,09 55 51.55,69 40 45.8,2456164.5,0.5,2012,,,2.43,0.05,4.3,0.4,4.8,KIMANI_2016,1.2mas,
SN2008iz,09 55 51.55,69 40 45.8,2456320.5,0.5,2013,,,1.65,0.01,8,0.4,4.8,KIMANI_2016,1.2mas,
SN2008iz,09 55 51.55,69 40 45.8,2455108.5,0.5,2009,,,0.83,0.04,1.7,0.2,8.4,KIMANI_2016,0.8mas,
SN2008iz,09 55 51.55,69 40 45.8,2455169.5,0.5,2009,,,0.78,0.03,1.8,0.1,8.4,KIMANI_2016,0.8mas,
SN2008iz,09 55 51.55,69 40 45.8,2455233.5,0.5,2010,,,0.59,0.03,2,0.1,8.4,KIMANI_2016,0.8mas,
SN2008iz,09 55 51.55,69 40 45.8,2455275.5,0.5,2010,,,,,,,8.4,KIMANI_2016,0.8mas,
SN2008iz,09 55 51.55,69 40 45.8,2455320.5,0.5,2010,,,0.58,0.03,2.2,0.1,8.4,KIMANI_2016,0.8mas,
SN2008iz,09 55 51.55,69 40 45.8,2455345.5,0.5,2010,,,,,,,8.4,KIMANI_2016,0.8mas,
SN2008iz,09 55 51.55,69 40 45.8,2455354.5,0.5,2010,,,,,,,8.4,KIMANI_2016,0.8mas,
SN2008iz,09 55 51.55,69 40 45.8,2455379.5,0.5,2010,,,1.34,0.05,2.4,0.2,8.4,KIMANI_2016,0.8mas,
SN2008iz,09 55 51.55,69 40 45.8,2455325.5,0.5,2010,,,0.56,0.03,2.5,0.2,8.4,KIMANI_2016,0.8mas,
SN2008iz,09 55 51.55,69 40 45.8,2455519.5,0.5,2010,,,0.41,0.03,2.8,0.2,8.4,KIMANI_2016,0.8mas,
SN2008iz,09 55 51.55,69 40 45.8,2455568.5,0.5,2011,,,1.02,0.05,2.8,0.2,8.4,KIMANI_2016,0.8mas,
SN2008iz,09 55 51.55,69 40 45.8,2455638.5,0.5,2011,,,0.41,0.03,3,0.2,8.4,KIMANI_2016,0.8mas,
SN2008iz,09 55 51.55,69 40 45.8,2455693.5,0.5,2011,,,0.33,0.02,3,0.2,8.4,KIMANI_2016,0.8mas,
SN2008iz,09 55 51.55,69 40 45.8,2455784.5,0.5,2011,,,0.57,0.04,3.2,0.2,8.4,KIMANI_2016,0.8mas,
SN2008iz,09 55 51.55,69 40 45.8,2455784.5,0.5,2011,,,1.18,0.04,,,8.4,KIMANI_2016,0.8mas,
SN2008iz,09 55 51.55,69 40 45.8,2455827.5,0.5,2011,,,0.29,0.03,3.3,0.2,8.4,KIMANI_2016,0.8mas,
SN2008iz,09 55 51.55,69 40 45.8,2455827.5,0.5,2011,,,0.9,0.03,3.3,0.2,8.4,KIMANI_2016,0.8mas,
SN2008iz,09 55 51.55,69 40 45.8,2455914.5,0.5,2011,,,0.35,0.03,3.7,0.3,8.4,KIMANI_2016,0.8mas,
SN2008iz,09 55 51.55,69 40 45.8,2456164.5,0.5,2012,,,0.73,0.03,4.5,0.2,8.4,KIMANI_2016,0.8mas,
SN2008iz,09 55 51.55,69 40 45.8,2456320.5,0.5,2013,,,0.69,0.01,4.9,0.2,8.4,KIMANI_2016,0.8mas,
39.10+57.3,09 55 47.87,69 40 43.7,2455123.01,170,2009,4.5,0.65,0.51,0.01,,,5,GENDRE_2013,50mas,
39.28+54.1,09 55 48.05,69 40 40.6,2455123.01,170,2009,0.23,0.05,0.22,0.01,,,5,GENDRE_2013,50mas,
39.40+56.2,09 55 48.15,69 40 42.5,2455123.01,170,2009,1.13,0.29,0.22,0.01,,,5,GENDRE_2013,50mas,
39.64+53.3,09 55 48.41,69 40 39.7,2455123.01,170,2009,0.32,0.09,0.16,0.01,,,5,GENDRE_2013,50mas,
39.67+55.5,09 55 48.43,69 40 41.9,2455123.01,170,2009,1.22,0.22,0.34,0.01,,,5,GENDRE_2013,50mas,
39.77+56.9,09 55 48.55,69 40 43.3,2455123.01,170,2009,0.36,0.1,0.15,0.01,,,5,GENDRE_2013,50mas,
40.32+55.2,09 55 49.07,69 40 41.5,2455123.01,170,2009,1.35,0.27,0.27,0.01,,,5,GENDRE_2013,50mas,
40.61+56.3,09 55 49.33,69 40 42.3,2455123.01,170,2009,1.27,0.33,0.18,0.01,,,5,GENDRE_2013,50mas,
40.68+55.1,09 55 49.42 ,69 40 41.4,2455123.01,170,2009,7.19,0.9,0.5,0.01,,,5,GENDRE_2013,50mas,
40.94+58.8,09 55 49.69,69 40 45.2,2455123.01,170,2009,0.73,0.17,0.25,0.01,,,5,GENDRE_2013,50mas,
41.18+56.2,09 55 49.92,69 40 42.5,2455123.01,170,2009,1.76,0.44,0.23,0.01,,,5,GENDRE_2013,50mas,
41.30+59.6,09 55 50.04,69 40 45.9,2455123.01,170,2009,2.54,0.29,0.61,0.01,,,5,GENDRE_2013,50mas,
41.64+57.9,09 55 50.38,69 40 44.2,2455123.01,170,2009,1.02,0.22,0.22,0.01,,,5,GENDRE_2013,50mas,
41.95+57.5,09 55 50.68,69 40 43.8,2455123.01,170,2009,14.17,0.19,11.92,0.01,,,5,GENDRE_2013,50mas,
42.08+58.4,09 55 50.82,69 40 44.7,2455123.01,170,2009,0.34,0.09,0.15,0.01,,,5,GENDRE_2013,50mas,
42.20+59.1,09 55 50.94,69 40 45.3,2455123.01,170,2009,0.99,0.19,0.32,0.01,,,5,GENDRE_2013,50mas,
42.43+59.5,09 55 51.15,69 40 45.6,2455123.01,170,2009,0.38,0.15,0.16,0.01,,,5,GENDRE_2013,50mas,
42.48+58.4,09 55 51.25,69 40 44.2,2455123.01,170,2009,1.37,0.37,0.31,0.01,,,5,GENDRE_2013,50mas,
42.61+60.7,09 55 51.35,69 40 46.9,2455123.01,170,2009,0.67,0.16,0.19,0.01,,,5,GENDRE_2013,50mas,
42.67+55.6,09 55 51.37,69 40 41.8,2455123.01,170,2009,0.81,0.19,0.2,0.01,,,5,GENDRE_2013,50mas,
42.67+56.3,09 55 51.40,69 40 42.6,2455123.01,170,2009,0.53,0.13,0.24,0.01,,,5,GENDRE_2013,50mas,
42.69+58.2,09 55 51.44,69 40 44.3,2455123.01,170,2009,0.21,0.06,0.15,0.01,,,5,GENDRE_2013,50mas,
42.80+61.2,09 55 51.54,69 40 47.5,2455123.01,170,2009,0.55,0.11,0.23,0.01,,,5,GENDRE_2013,50mas,
42.81+59.6 (SN2008iz),09 55 51.55,69 40 45.8,2455123.01,170,2009,33.57,0.17,31.6,0.01,,,5,GENDRE_2013,50mas,
43.18+58.2,09 55 51.90,69 40 44.6,2455123.01,170,2009,4.79,0.33,1.24,0.01,,,5,GENDRE_2013,50mas,
43.31+59.2,09 55 52.03,69 40 45.4,2455123.01,170,2009,12.52,0.22,6.6,0.01,,,5,GENDRE_2013,50mas,
43.40+62.6,09 55 52.14,69 40 48.7,2455123.01,170,2009,0.61,0.16,0.18,0.01,,,5,GENDRE_2013,50mas,
43.72+62.6,09 55 52.43,69 40 48.8,2455123.01,170,2009,0.42,0.09,0.25,0.01,,,5,GENDRE_2013,50mas,
43.78.59.3,09 55 52.51,69 40 45.4,2455123.01,170,2009,0.9,0.09,0.8,0.01,,,5,GENDRE_2013,50mas,
43.82+62.8,09 55 52.54,69 40 49.0,2455123.01,170,2009,0.33,0.09,1.6,0.01,,,5,GENDRE_2013,50mas,
44.01+59.6,09 55 52.72,69 40 45.8,2455123.01,170,2009,25.88,0.25,13.07,0.01,,,5,GENDRE_2013,50mas,
44.08+63.1,09 55 52.75,69 40 49.5,2455123.01,170,2009,0.15,0.06,0.12,0.01,,,5,GENDRE_2013,50mas,
44.28+59.3,09 55 52.99,69 40 45.5,2455123.01,170,2009,1.72,0.32,0.34,0.01,,,5,GENDRE_2013,50mas,
44.28+61.1,09 55 53.00,69 40 47.4,2455123.01,170,2009,0.4,0.11,0.17,0.01,,,5,GENDRE_2013,50mas,
44.34+57.8,09 55 53.05,69 40 43.9,2455123.01,170,2009,0.98,0.23,0.21,0.01,,,5,GENDRE_2013,50mas,
44.40+61.8,09 55 52.13,69 40 47.9,2455123.01,170,2009,1.19,0.25,0.25,0.01,,,5,GENDRE_2013,50mas,
44.51+58.2,09 55 53.23,69 40 44.3,2455123.01,170,2009,2.38,0.54,0.25,0.01,,,5,GENDRE_2013,50mas,
44.89+61.2,09 55 53.61,69 40 47.3,2455123.01,170,2009,1.16,0.21,0.31,0.01,,,5,GENDRE_2013,50mas,
44.93+64.0,09 55 53.64,69 40 50.5,2455123.01,170,2009,0.39,0.1,0.19,0.01,,,5,GENDRE_2013,50mas,
45.17+61.2,09 55 53.88,69 40 47.4,2455123.01,170,2009,8.72,0.44,3.11,0.01,,,5,GENDRE_2013,50mas,
45.24+65.2,09 55 53.96,69 40 51.4,2455123.01,170,2009,1.15,0.26,0.21,0.01,,,5,GENDRE_2013,50mas,
45.39+60.3,09 55 54.12,69 40 46.4,2455123.01,170,2009,1,0.26,0.17,0.01,,,5,GENDRE_2013,50mas,
45.42+67.4,09 55 54.13,69 40 53.5,2455123.01,170,2009,2.56,0.55,0.28,0.01,,,5,GENDRE_2013,50mas,
45.52+64.7,09 55 54.22,69 40 50.9,2455123.01,170,2009,0.12,0.05,0.09,0.01,,,5,GENDRE_2013,50mas,
45.62+67.0,09 55 54.32,69 40 53.1,2455123.01,170,2009,1.54,0.37,0.24,0.01,,,5,GENDRE_2013,50mas,
45.75+65.3,09 55 54.46,69 40 51.5,2455123.01,170,2009,2.24,0.54,0.2,0.01,,,5,GENDRE_2013,50mas,
45.79+64.0,09 55 54.50,69 40 50.2,2455123.01,170,2009,0.49,0.11,0.21,0.01,,,5,GENDRE_2013,50mas,
45.89+63.8,09 55 54.60,69 40 50.0,2455123.01,170,2009,1.6,0.2,0.58,0.01,,,5,GENDRE_2013,50mas,
46.17+67.6,09 55 54.89,69 40 53.8,2455123.01,170,2009,2.35,0.57,0.24,0.01,,,5,GENDRE_2013,50mas,
46.34+66.2,09 55 55.06,69 40 52.5,2455123.01,170,2009,0.67,0.17,0.18,0.01,,,5,GENDRE_2013,50mas,
46.52+63.9,09 55 55.20,69 40 50.0,2455123.01,170,2009,2.68,0.47,0.42,0.01,,,5,GENDRE_2013,50mas,
46.70+67.1,09 55 55.38,69 40 53.2,2455123.01,170,2009,2.29,0.54,0.22,0.01,,,5,GENDRE_2013,50mas,
39.10+57.3,09 55 47.88,69 40 43.72,2445083.5,1.825,1982.31,4.76,0.49,4.76,0.49,,,5,KRONBERG_2000,0''.35 ,
39.3+54.2,09 55 48.05,69 40 40.56,2445083.5,1.825,1982.31,1.95,0.62,1.95,0.62,,,5,KRONBERG_2000,0''.35 ,
39.4+56.1,09 55 48.17,69 40 42.41,2445083.5,1.825,1982.31,2.46,0.51,2.46,0.51,,,5,KRONBERG_2000,0''.35 ,
39.7+55.6,09 55 48.43,69 40 41.88,2445083.5,1.825,1982.31,1.87,0.48,1.87,0.48,,,5,KRONBERG_2000,0''.35 ,
40.7+55.0,09 55 49.42,69 40 41.42,2445083.5,1.825,1982.31,7.32,0.48,7.32,0.48,,,5,KRONBERG_2000,0''.35 ,
41.3+59.6,09 55 50.07,69 40 45.83,2445083.5,1.825,1982.31,3.22,0.45,3.22,0.45,,,5,KRONBERG_2000,0''.35 ,
41.5+59.7,09 55 50.2,69 40 45.93,2445083.5,1.825,1982.31,0.31,0.3,0.31,0.3,,,5,KRONBERG_2000,0''.35 ,
41.95+57.5,09 55 50.69,69 40 43.76,2445083.5,1.825,1982.31,97.85,0.5,97.85,0.5,,,5,KRONBERG_2000,0''.35 ,
42.2+59.0,09 55 50.95,69 40 45.2,2445083.5,1.825,1982.31,2.53,0.59,2.53,0.59,,,5,KRONBERG_2000,0''.35 ,
42.7+55.6,09 55 51.37,69 40 41.78,2445083.5,1.825,1982.31,1.97,0.49,1.97,0.49,,,5,KRONBERG_2000,0''.35 ,
43.2+58.3,09 55 51.91,69 40 44.58,2445083.5,1.825,1982.31,4.35,0.44,4.35,0.44,,,5,KRONBERG_2000,0''.35 ,
43.3+59.2,09 55 52.03,69 40 45.42,2445083.5,1.825,1982.31,10.86,0.49,10.86,0.49,,,5,KRONBERG_2000,0''.35 ,
44.0+59.5,09 55 52.72,69 40 45.77,2445083.5,1.825,1982.31,23.52,0.46,23.52,0.46,,,5,KRONBERG_2000,0''.35 ,
44.3+59.2,09 55 52.99,69 40 45.53,2445083.5,1.825,1982.31,2,0.47,2,0.47,,,5,KRONBERG_2000,0''.35 ,
44.5+58.1,09 55 53.22,69 40 44.36,2445083.5,1.825,1982.31,3.28,0.49,3.28,0.49,,,5,KRONBERG_2000,0''.35 ,
44.9+61.1,09 55 53.62,69 40 47.29,2445083.5,1.825,1982.31,1.21,0.46,1.21,0.46,,,5,KRONBERG_2000,0''.35 ,
45.2+61.2,09 55 53.88,69 40 47.41,2445083.5,1.825,1982.31,7.84,0.47,7.84,0.47,,,5,KRONBERG_2000,0''.35 ,
45.3+65.1,09 55 53.96,69 40 51.36,2445083.5,1.825,1982.31,0.8,0.37,0.8,0.37,,,5,KRONBERG_2000,0''.35 ,
45.7+65.2,09 55 54.44,69 40 51.43,2445083.5,1.825,1982.31,2.94,0.52,2.94,0.52,,,5,KRONBERG_2000,0''.35 ,
45.9+63.8,09 55 54.60,69 40 49.98,2445083.5,1.825,1982.31,2.11,0.46,2.11,0.46,,,5,KRONBERG_2000,0''.35 ,
46.5+63.8,09 55 55.21,69 40 50.05,2445083.5,1.825,1982.31,2.75,0.48,2.75,0.48,,,5,KRONBERG_2000,0''.35 ,
46.7+67.0,09 55 55.41,69 40 53.03,2445083.5,1.825,1982.31,2.13,0.51,2.13,0.51,,,5,KRONBERG_2000,0''.35 ,
39.10+57.3,09 55 47.88,69 40 43.72,2445107.5,1.825,1982.38,4.65,0.61,4.65,0.61,,,5,KRONBERG_2000,0''.35 ,
39.3+54.2,09 55 48.05,69 40 40.56,2445107.5,1.825,1982.38,1.5,0.74,1.5,0.74,,,5,KRONBERG_2000,0''.35 ,
39.4+56.1,09 55 48.17,69 40 42.41,2445107.5,1.825,1982.38,2.02,0.59,2.02,0.59,,,5,KRONBERG_2000,0''.35 ,
39.7+55.6,09 55 48.43,69 40 41.88,2445107.5,1.825,1982.38,1.45,0.63,1.45,0.63,,,5,KRONBERG_2000,0''.35 ,
40.6+56.0,09 55 49.35,69 40 42.36,2445107.5,1.825,1982.38,1.39,0.6,1.39,0.6,,,5,KRONBERG_2000,0''.35 ,
40.7+55.0,09 55 49.42,69 40 41.42,2445107.5,1.825,1982.38,7.37,0.59,7.37,0.59,,,5,KRONBERG_2000,0''.35 ,
41.3+59.6,09 55 50.07,69 40 45.83,2445107.5,1.825,1982.38,3.56,0.58,3.56,0.58,,,5,KRONBERG_2000,0''.35 ,
41.5+59.7,09 55 50.2,69 40 45.93,2445107.5,1.825,1982.38,0.38,0.48,0.38,0.48,,,5,KRONBERG_2000,0''.35 ,
41.95+57.5,09 55 50.69,69 40 43.76,2445107.5,1.825,1982.38,97.82,0.6,97.82,0.6,,,5,KRONBERG_2000,0''.35 ,
42.2+59.0,09 55 50.95,69 40 45.2,2445107.5,1.825,1982.38,2.35,0.66,2.35,0.66,,,5,KRONBERG_2000,0''.35 ,
42.7+55.6,09 55 51.37,69 40 41.78,2445107.5,1.825,1982.38,2.01,0.62,2.01,0.62,,,5,KRONBERG_2000,0''.35 ,
43.2+58.3,09 55 51.91,69 40 44.58,2445107.5,1.825,1982.38,4.02,0.56,4.02,0.56,,,5,KRONBERG_2000,0''.35 ,
43.3+59.2,09 55 52.03,69 40 45.42,2445107.5,1.825,1982.38,11.2,0.59,11.2,0.59,,,5,KRONBERG_2000,0''.35 ,
44.0+59.5,09 55 52.72,69 40 45.77,2445107.5,1.825,1982.38,22.27,0.57,22.27,0.57,,,5,KRONBERG_2000,0''.35 ,
44.3+59.2,09 55 52.99,69 40 45.53,2445107.5,1.825,1982.38,2.61,0.63,2.61,0.63,,,5,KRONBERG_2000,0''.35 ,
44.5+58.1,09 55 53.22,69 40 44.36,2445107.5,1.825,1982.38,2.23,0.59,2.23,0.59,,,5,KRONBERG_2000,0''.35 ,
44.9+61.1,09 55 53.62,69 40 47.29,2445107.5,1.825,1982.38,1.57,0.58,1.57,0.58,,,5,KRONBERG_2000,0''.35 ,
45.2+61.2,09 55 53.88,69 40 47.41,2445107.5,1.825,1982.38,7.65,0.58,7.65,0.58,,,5,KRONBERG_2000,0''.35 ,
45.3+65.1,09 55 53.96,69 40 51.36,2445107.5,1.825,1982.38,1.09,0.5,1.09,0.5,,,5,KRONBERG_2000,0''.35 ,
45.7+65.2,09 55 54.44,69 40 51.43,2445107.5,1.825,1982.38,3.84,0.69,3.84,0.69,,,5,KRONBERG_2000,0''.35 ,
45.9+63.8,09 55 54.60,69 40 49.98,2445107.5,1.825,1982.38,1.99,0.57,1.99,0.57,,,5,KRONBERG_2000,0''.35 ,
46.5+63.8,09 55 55.21,69 40 50.05,2445107.5,1.825,1982.38,2.77,0.57,2.77,0.57,,,5,KRONBERG_2000,0''.35 ,
46.7+67.0,09 55 55.41,69 40 53.03,2445107.5,1.825,1982.38,2.64,0.65,2.64,0.65,,,5,KRONBERG_2000,0''.35 ,
39.10+57.3,09 55 47.88,69 40 43.72,2445136.5,1.825,1982.46,4.78,0.51,4.78,0.51,,,5,KRONBERG_2000,0''.35 ,
39.3+54.2,09 55 48.05,69 40 40.56,2445136.5,1.825,1982.46,1.65,0.58,1.65,0.58,,,5,KRONBERG_2000,0''.35 ,
39.4+56.1,09 55 48.17,69 40 42.41,2445136.5,1.825,1982.46,2.24,0.6,2.24,0.6,,,5,KRONBERG_2000,0''.35 ,
39.7+55.6,09 55 48.43,69 40 41.88,2445136.5,1.825,1982.46,1.36,0.53,1.36,0.53,,,5,KRONBERG_2000,0''.35 ,
40.6+56.0,09 55 49.35,69 40 42.36,2445136.5,1.825,1982.46,0.77,0.47,0.77,0.47,,,5,KRONBERG_2000,0''.35 ,
40.7+55.0,09 55 49.42,69 40 41.42,2445136.5,1.825,1982.46,7.8,0.53,7.8,0.53,,,5,KRONBERG_2000,0''.35 ,
41.3+59.6,09 55 50.07,69 40 45.83,2445136.5,1.825,1982.46,3.15,0.48,3.15,0.48,,,5,KRONBERG_2000,0''.35 ,
41.5+59.7,09 55 50.2,69 40 45.93,2445136.5,1.825,1982.46,0.95,0.44,0.95,0.44,,,5,KRONBERG_2000,0''.35 ,
41.95+57.5,09 55 50.69,69 40 43.76,2445136.5,1.825,1982.46,99.08,0.5,99.08,0.5,,,5,KRONBERG_2000,0''.35 ,
42.2+59.0,09 55 50.95,69 40 45.2,2445136.5,1.825,1982.46,1.59,0.51,1.59,0.51,,,5,KRONBERG_2000,0''.35 ,
42.7+55.6,09 55 51.37,69 40 41.78,2445136.5,1.825,1982.46,1.89,0.53,1.89,0.53,,,5,KRONBERG_2000,0''.35 ,
43.2+58.3,09 55 51.91,69 40 44.58,2445136.5,1.825,1982.46,4.62,0.49,4.62,0.49,,,5,KRONBERG_2000,0''.35 ,
43.3+59.2,09 55 52.03,69 40 45.42,2445136.5,1.825,1982.46,11.76,0.52,11.76,0.52,,,5,KRONBERG_2000,0''.35 ,
44.0+59.5,09 55 52.72,69 40 45.77,2445136.5,1.825,1982.46,24.03,0.5,24.03,0.5,,,5,KRONBERG_2000,0''.35 ,
44.3+59.2,09 55 52.99,69 40 45.53,2445136.5,1.825,1982.46,2.83,0.6,2.83,0.6,,,5,KRONBERG_2000,0''.35 ,
44.5+58.1,09 55 53.22,69 40 44.36,2445136.5,1.825,1982.46,2.11,0.51,2.11,0.51,,,5,KRONBERG_2000,0''.35 ,
44.9+61.1,09 55 53.62,69 40 47.29,2445136.5,1.825,1982.46,1.54,0.53,1.54,0.53,,,5,KRONBERG_2000,0''.35 ,
45.2+61.2,09 55 53.88,69 40 47.41,2445136.5,1.825,1982.46,6.81,0.5,6.81,0.5,,,5,KRONBERG_2000,0''.35 ,
45.3+65.1,09 55 53.96,69 40 51.36,2445136.5,1.825,1982.46,1.39,0.46,1.39,0.46,,,5,KRONBERG_2000,0''.35 ,
45.7+65.2,09 55 54.44,69 40 51.43,2445136.5,1.825,1982.46,3.07,0.57,3.07,0.57,,,5,KRONBERG_2000,0''.35 ,
45.9+63.8,09 55 54.60,69 40 49.98,2445136.5,1.825,1982.46,2.51,0.53,2.51,0.53,,,5,KRONBERG_2000,0''.35 ,
46.2+67.6,09 55 54.88,69 40 53.77,2445136.5,1.825,1982.46,1.84,0.65,1.84,0.65,,,5,KRONBERG_2000,0''.35 ,
46.5+63.8,09 55 55.21,69 40 50.05,2445136.5,1.825,1982.46,1.82,0.48,1.82,0.48,,,5,KRONBERG_2000,0''.35 ,
46.7+67.0,09 55 55.41,69 40 53.03,2445136.5,1.825,1982.46,2.26,0.58,2.26,0.58,,,5,KRONBERG_2000,0''.35 ,
39.10+57.3,09 55 47.88,69 40 43.72,2445560.5,1.825,1983.62,4.86,0.92,4.86,0.92,,,5,KRONBERG_2000,0''.35 ,
39.3+54.2,09 55 48.05,69 40 40.56,2445560.5,1.825,1983.62,1.57,0.94,1.57,0.94,,,5,KRONBERG_2000,0''.35 ,
39.4+56.1,09 55 48.17,69 40 42.41,2445560.5,1.825,1983.62,2.42,1,2.42,1,,,5,KRONBERG_2000,0''.35 ,
39.7+55.6,09 55 48.43,69 40 41.88,2445560.5,1.825,1983.62,1.1,0.79,1.1,0.79,,,5,KRONBERG_2000,0''.35 ,
40.6+56.0,09 55 49.35,69 40 42.36,2445560.5,1.825,1983.62,0.7,0.72,0.7,0.72,,,5,KRONBERG_2000,0''.35 ,
40.7+55.0,09 55 49.42,69 40 41.42,2445560.5,1.825,1983.62,7.41,0.86,7.41,0.86,,,5,KRONBERG_2000,0''.35 ,
41.3+59.6,09 55 50.07,69 40 45.83,2445560.5,1.825,1983.62,2.34,0.84,2.34,0.84,,,5,KRONBERG_2000,0''.35 ,
41.95+57.5,09 55 50.69,69 40 43.76,2445560.5,1.825,1983.62,91.67,0.8,91.67,0.8,,,5,KRONBERG_2000,0''.35 ,
42.2+59.0,09 55 50.95,69 40 45.2,2445560.5,1.825,1983.62,1.63,0.75,1.63,0.75,,,5,KRONBERG_2000,0''.35 ,
42.7+55.6,09 55 51.37,69 40 41.78,2445560.5,1.825,1983.62,1.62,0.83,1.62,0.83,,,5,KRONBERG_2000,0''.35 ,
43.2+58.3,09 55 51.91,69 40 44.58,2445560.5,1.825,1983.62,4.28,0.81,4.28,0.81,,,5,KRONBERG_2000,0''.35 ,
43.3+59.2,09 55 52.03,69 40 45.42,2445560.5,1.825,1983.62,10.76,0.82,10.76,0.82,,,5,KRONBERG_2000,0''.35 ,
44.0+59.5,09 55 52.72,69 40 45.77,2445560.5,1.825,1983.62,24.26,0.84,24.26,0.84,,,5,KRONBERG_2000,0''.35 ,
44.3+59.2,09 55 52.99,69 40 45.53,2445560.5,1.825,1983.62,2.65,0.91,2.65,0.91,,,5,KRONBERG_2000,0''.35 ,
44.5+58.1,09 55 53.22,69 40 44.36,2445560.5,1.825,1983.62,2.84,0.9,2.84,0.9,,,5,KRONBERG_2000,0''.35 ,
44.9+61.1,09 55 53.62,69 40 47.29,2445560.5,1.825,1983.62,1.06,0.76,1.06,0.76,,,5,KRONBERG_2000,0''.35 ,
45.2+61.2,09 55 53.88,69 40 47.41,2445560.5,1.825,1983.62,7.61,0.85,7.61,0.85,,,5,KRONBERG_2000,0''.35 ,
45.3+65.1,09 55 53.96,69 40 51.36,2445560.5,1.825,1983.62,1.14,0.79,1.14,0.79,,,5,KRONBERG_2000,0''.35 ,
45.7+65.2,09 55 54.44,69 40 51.43,2445560.5,1.825,1983.62,3.95,1.01,3.95,1.01,,,5,KRONBERG_2000,0''.35 ,
45.9+63.8,09 55 54.60,69 40 49.98,2445560.5,1.825,1983.62,2.07,0.82,2.07,0.82,,,5,KRONBERG_2000,0''.35 ,
46.5+63.8,09 55 55.21,69 40 50.05,2445560.5,1.825,1983.62,2.65,0.82,2.65,0.82,,,5,KRONBERG_2000,0''.35 ,
46.7+67.0,09 55 55.41,69 40 53.03,2445560.5,1.825,1983.62,2.32,1,2.32,1,,,5,KRONBERG_2000,0''.35 ,
39.10+57.3,09 55 47.88,69 40 43.72,2445615.5,1.825,1983.77,4.32,0.49,4.32,0.49,,,5,KRONBERG_2000,0''.35 ,
39.3+54.2,09 55 48.05,69 40 40.56,2445615.5,1.825,1983.77,1.72,0.5,1.72,0.5,,,5,KRONBERG_2000,0''.35 ,
39.4+56.1,09 55 48.17,69 40 42.41,2445615.5,1.825,1983.77,1.83,0.5,1.83,0.5,,,5,KRONBERG_2000,0''.35 ,
39.7+55.6,09 55 48.43,69 40 41.88,2445615.5,1.825,1983.77,1.47,0.48,1.47,0.48,,,5,KRONBERG_2000,0''.35 ,
40.6+56.0,09 55 49.35,69 40 42.36,2445615.5,1.825,1983.77,1.69,0.51,1.69,0.51,,,5,KRONBERG_2000,0''.35 ,
40.7+55.0,09 55 49.42,69 40 41.42,2445615.5,1.825,1983.77,8.08,0.49,8.08,0.49,,,5,KRONBERG_2000,0''.35 ,
41.3+59.6,09 55 50.07,69 40 45.83,2445615.5,1.825,1983.77,2.52,0.44,2.52,0.44,,,5,KRONBERG_2000,0''.35 ,
41.95+57.5,09 55 50.69,69 40 43.76,2445615.5,1.825,1983.77,90.71,0.5,90.71,0.5,,,5,KRONBERG_2000,0''.35 ,
42.2+59.0,09 55 50.95,69 40 45.2,2445615.5,1.825,1983.77,2.43,0.48,2.43,0.48,,,5,KRONBERG_2000,0''.35 ,
42.7+55.6,09 55 51.37,69 40 41.78,2445615.5,1.825,1983.77,2.22,0.54,2.22,0.54,,,5,KRONBERG_2000,0''.35 ,
43.2+58.3,09 55 51.91,69 40 44.58,2445615.5,1.825,1983.77,4.67,0.44,4.67,0.44,,,5,KRONBERG_2000,0''.35 ,
43.3+59.2,09 55 52.03,69 40 45.42,2445615.5,1.825,1983.77,11.19,0.47,11.19,0.47,,,5,KRONBERG_2000,0''.35 ,
44.0+59.5,09 55 52.72,69 40 45.77,2445615.5,1.825,1983.77,24.53,0.47,24.53,0.47,,,5,KRONBERG_2000,0''.35 ,
44.3+59.2,09 55 52.99,69 40 45.53,2445615.5,1.825,1983.77,2.79,0.5,2.79,0.5,,,5,KRONBERG_2000,0''.35 ,
44.5+58.1,09 55 53.22,69 40 44.36,2445615.5,1.825,1983.77,3.29,0.5,3.29,0.5,,,5,KRONBERG_2000,0''.35 ,
44.9+61.1,09 55 53.62,69 40 47.29,2445615.5,1.825,1983.77,2.04,0.49,2.04,0.49,,,5,KRONBERG_2000,0''.35 ,
45.2+61.2,09 55 53.88,69 40 47.41,2445615.5,1.825,1983.77,7.62,0.47,7.62,0.47,,,5,KRONBERG_2000,0''.35 ,
45.3+65.1,09 55 53.96,69 40 51.36,2445615.5,1.825,1983.77,1.23,0.42,1.23,0.42,,,5,KRONBERG_2000,0''.35 ,
45.7+65.2,09 55 54.44,69 40 51.43,2445615.5,1.825,1983.77,3.05,0.52,3.05,0.52,,,5,KRONBERG_2000,0''.35 ,
45.9+63.8,09 55 54.60,69 40 49.98,2445615.5,1.825,1983.77,2.21,0.48,2.21,0.48,,,5,KRONBERG_2000,0''.35 ,
46.2+67.6,09 55 54.88,69 40 53.77,2445615.5,1.825,1983.77,1.82,0.54,1.82,0.54,,,5,KRONBERG_2000,0''.35 ,
46.5+63.8,09 55 55.21,69 40 50.05,2445615.5,1.825,1983.77,2.4,0.47,2.4,0.47,,,5,KRONBERG_2000,0''.35 ,
46.7+67.0,09 55 55.41,69 40 53.03,2445615.5,1.825,1983.77,1.95,0.47,1.95,0.47,,,5,KRONBERG_2000,0''.35 ,
39.10+57.3,09 55 47.88,69 40 43.72,2446148.5,1.825,1985.23,4.53,0.37,4.53,0.37,,,5,KRONBERG_2000,0''.35 ,
39.3+54.2,09 55 48.05,69 40 40.56,2446148.5,1.825,1985.23,2.14,0.49,2.14,0.49,,,5,KRONBERG_2000,0''.35 ,
39.4+56.1,09 55 48.17,69 40 42.41,2446148.5,1.825,1985.23,2.2,0.41,2.2,0.41,,,5,KRONBERG_2000,0''.35 ,
39.7+55.6,09 55 48.43,69 40 41.88,2446148.5,1.825,1985.23,1.93,0.4,1.93,0.4,,,5,KRONBERG_2000,0''.35 ,
40.6+56.0,09 55 49.35,69 40 42.36,2446148.5,1.825,1985.23,1.19,0.36,1.19,0.36,,,5,KRONBERG_2000,0''.35 ,
40.7+55.0,09 55 49.42,69 40 41.42,2446148.5,1.825,1985.23,8.09,0.41,8.09,0.41,,,5,KRONBERG_2000,0''.35 ,
41.3+59.6,09 55 50.07,69 40 45.83,2446148.5,1.825,1985.23,2.64,0.34,2.64,0.34,,,5,KRONBERG_2000,0''.35 ,
41.95+57.5,09 55 50.69,69 40 43.76,2446148.5,1.825,1985.23,79.88,0.4,79.88,0.4,,,5,KRONBERG_2000,0''.35 ,
42.2+59.0,09 55 50.95,69 40 45.2,2446148.5,1.825,1985.23,1.62,0.35,1.62,0.35,,,5,KRONBERG_2000,0''.35 ,
42.7+55.6,09 55 51.37,69 40 41.78,2446148.5,1.825,1985.23,2.12,0.41,2.12,0.41,,,5,KRONBERG_2000,0''.35 ,
43.2+58.3,09 55 51.91,69 40 44.58,2446148.5,1.825,1985.23,4.4,0.36,4.4,0.36,,,5,KRONBERG_2000,0''.35 ,
43.3+59.2,09 55 52.03,69 40 45.42,2446148.5,1.825,1985.23,11.59,0.38,11.59,0.38,,,5,KRONBERG_2000,0''.35 ,
44.0+59.5,09 55 52.72,69 40 45.77,2446148.5,1.825,1985.23,24.03,0.37,24.03,0.37,,,5,KRONBERG_2000,0''.35 ,
44.3+59.2,09 55 52.99,69 40 45.53,2446148.5,1.825,1985.23,2.7,0.41,2.7,0.41,,,5,KRONBERG_2000,0''.35 ,
44.5+58.1,09 55 53.22,69 40 44.36,2446148.5,1.825,1985.23,2.15,0.37,2.15,0.37,,,5,KRONBERG_2000,0''.35 ,
44.9+61.1,09 55 53.62,69 40 47.29,2446148.5,1.825,1985.23,1.57,0.37,1.57,0.37,,,5,KRONBERG_2000,0''.35 ,
45.2+61.2,09 55 53.88,69 40 47.41,2446148.5,1.825,1985.23,7.72,0.37,7.72,0.37,,,5,KRONBERG_2000,0''.35 ,
45.3+65.1,09 55 53.96,69 40 51.36,2446148.5,1.825,1985.23,1.25,0.33,1.25,0.33,,,5,KRONBERG_2000,0''.35 ,
45.7+65.2,09 55 54.44,69 40 51.43,2446148.5,1.825,1985.23,2.75,0.41,2.75,0.41,,,5,KRONBERG_2000,0''.35 ,
45.9+63.8,09 55 54.60,69 40 49.98,2446148.5,1.825,1985.23,1.98,0.35,1.98,0.35,,,5,KRONBERG_2000,0''.35 ,
46.2+67.6,09 55 54.88,69 40 53.77,2446148.5,1.825,1985.23,1.4,0.43,1.4,0.43,,,5,KRONBERG_2000,0''.35 ,
46.5+63.8,09 55 55.21,69 40 50.05,2446148.5,1.825,1985.23,2.57,0.38,2.57,0.38,,,5,KRONBERG_2000,0''.35 ,
46.7+67.0,09 55 55.41,69 40 53.03,2446148.5,1.825,1985.23,2.45,0.43,2.45,0.43,,,5,KRONBERG_2000,0''.35 ,
39.10+57.3,09 55 47.88,69 40 43.72,2446568.5,1.825,1986.38,5.19,0.61,5.19,0.61,,,5,KRONBERG_2000,0''.35 ,
39.3+54.2,09 55 48.05,69 40 40.56,2446568.5,1.825,1986.38,2.6,0.81,2.6,0.81,,,5,KRONBERG_2000,0''.35 ,
39.4+56.1,09 55 48.17,69 40 42.41,2446568.5,1.825,1986.38,2.17,0.66,2.17,0.66,,,5,KRONBERG_2000,0''.35 ,
39.7+55.6,09 55 48.43,69 40 41.88,2446568.5,1.825,1986.38,2.37,0.69,2.37,0.69,,,5,KRONBERG_2000,0''.35 ,
40.6+56.0,09 55 49.35,69 40 42.36,2446568.5,1.825,1986.38,1.65,0.64,1.65,0.64,,,5,KRONBERG_2000,0''.35 ,
40.7+55.0,09 55 49.42,69 40 41.42,2446568.5,1.825,1986.38,8.75,0.65,8.75,0.65,,,5,KRONBERG_2000,0''.35 ,
41.3+59.6,09 55 50.07,69 40 45.83,2446568.5,1.825,1986.38,3.16,0.57,3.16,0.57,,,5,KRONBERG_2000,0''.35 ,
41.95+57.5,09 55 50.69,69 40 43.76,2446568.5,1.825,1986.38,80.17,0.6,80.17,0.6,,,5,KRONBERG_2000,0''.35 ,
42.2+59.0,09 55 50.95,69 40 45.2,2446568.5,1.825,1986.38,2.37,0.66,2.37,0.66,,,5,KRONBERG_2000,0''.35 ,
42.7+55.6,09 55 51.37,69 40 41.78,2446568.5,1.825,1986.38,1.76,0.6,1.76,0.6,,,5,KRONBERG_2000,0''.35 ,
43.2+58.3,09 55 51.91,69 40 44.58,2446568.5,1.825,1986.38,5.03,0.59,5.03,0.59,,,5,KRONBERG_2000,0''.35 ,
43.3+59.2,09 55 52.03,69 40 45.42,2446568.5,1.825,1986.38,13.04,0.62,13.04,0.62,,,5,KRONBERG_2000,0''.35 ,
44.0+59.5,09 55 52.72,69 40 45.77,2446568.5,1.825,1986.38,26.38,0.61,26.38,0.61,,,5,KRONBERG_2000,0''.35 ,
44.3+59.2,09 55 52.99,69 40 45.53,2446568.5,1.825,1986.38,3.06,0.68,3.06,0.68,,,5,KRONBERG_2000,0''.35 ,
44.5+58.1,09 55 53.22,69 40 44.36,2446568.5,1.825,1986.38,2.87,0.63,2.87,0.63,,,5,KRONBERG_2000,0''.35 ,
44.9+61.1,09 55 53.62,69 40 47.29,2446568.5,1.825,1986.38,2.11,0.6,2.11,0.6,,,5,KRONBERG_2000,0''.35 ,
45.2+61.2,09 55 53.88,69 40 47.41,2446568.5,1.825,1986.38,8.89,0.64,8.89,0.64,,,5,KRONBERG_2000,0''.35 ,
45.3+65.1,09 55 53.96,69 40 51.36,2446568.5,1.825,1986.38,1.39,0.56,1.39,0.56,,,5,KRONBERG_2000,0''.35 ,
45.7+65.2,09 55 54.44,69 40 51.43,2446568.5,1.825,1986.38,2.9,0.63,2.9,0.63,,,5,KRONBERG_2000,0''.35 ,
45.9+63.8,09 55 54.60,69 40 49.98,2446568.5,1.825,1986.38,2.32,0.6,2.32,0.6,,,5,KRONBERG_2000,0''.35 ,
46.2+67.6,09 55 54.88,69 40 53.77,2446568.5,1.825,1986.38,2.07,0.73,2.07,0.73,,,5,KRONBERG_2000,0''.35 ,
46.5+63.8,09 55 55.21,69 40 50.05,2446568.5,1.825,1986.38,2.79,0.57,2.79,0.57,,,5,KRONBERG_2000,0''.35 ,
46.7+67.0,09 55 55.41,69 40 53.03,2446568.5,1.825,1986.38,2.07,0.61,2.07,0.61,,,5,KRONBERG_2000,0''.35 ,
39.10+57.3,09 55 47.88,69 40 43.72,2446992.5,1.825,1987.54,4.38,0.67,4.38,0.67,,,5,KRONBERG_2000,0''.35 ,
39.3+54.2,09 55 48.05,69 40 40.56,2446992.5,1.825,1987.54,1.27,0.73,1.27,0.73,,,5,KRONBERG_2000,0''.35 ,
39.4+56.1,09 55 48.17,69 40 42.41,2446992.5,1.825,1987.54,2.32,0.72,2.32,0.72,,,5,KRONBERG_2000,0''.35 ,
39.7+55.6,09 55 48.43,69 40 41.88,2446992.5,1.825,1987.54,1.2,0.65,1.2,0.65,,,5,KRONBERG_2000,0''.35 ,
40.6+56.0,09 55 49.35,69 40 42.36,2446992.5,1.825,1987.54,1.08,0.64,1.08,0.64,,,5,KRONBERG_2000,0''.35 ,
40.7+55.0,09 55 49.42,69 40 41.42,2446992.5,1.825,1987.54,7.27,0.69,7.27,0.69,,,5,KRONBERG_2000,0''.35 ,
41.3+59.6,09 55 50.07,69 40 45.83,2446992.5,1.825,1987.54,3.5,0.67,3.5,0.67,,,5,KRONBERG_2000,0''.35 ,
41.95+57.5,09 55 50.69,69 40 43.76,2446992.5,1.825,1987.54,60.44,0.7,60.44,0.7,,,5,KRONBERG_2000,0''.35 ,
42.2+59.0,09 55 50.95,69 40 45.2,2446992.5,1.825,1987.54,1.39,0.61,1.39,0.61,,,5,KRONBERG_2000,0''.35 ,
42.7+55.6,09 55 51.37,69 40 41.78,2446992.5,1.825,1987.54,1.37,0.66,1.37,0.66,,,5,KRONBERG_2000,0''.35 ,
43.2+58.3,09 55 51.91,69 40 44.58,2446992.5,1.825,1987.54,4.81,0.68,4.81,0.68,,,5,KRONBERG_2000,0''.35 ,
43.3+59.2,09 55 52.03,69 40 45.42,2446992.5,1.825,1987.54,10.58,0.66,10.58,0.66,,,5,KRONBERG_2000,0''.35 ,
44.0+59.5,09 55 52.72,69 40 45.77,2446992.5,1.825,1987.54,22.17,0.66,22.17,0.66,,,5,KRONBERG_2000,0''.35 ,
44.3+59.2,09 55 52.99,69 40 45.53,2446992.5,1.825,1987.54,2.38,0.71,2.38,0.71,,,5,KRONBERG_2000,0''.35 ,
44.5+58.1,09 55 53.22,69 40 44.36,2446992.5,1.825,1987.54,2.47,0.75,2.47,0.75,,,5,KRONBERG_2000,0''.35 ,
44.9+61.1,09 55 53.62,69 40 47.29,2446992.5,1.825,1987.54,1.66,0.64,1.66,0.64,,,5,KRONBERG_2000,0''.35 ,
45.2+61.2,09 55 53.88,69 40 47.41,2446992.5,1.825,1987.54,7.34,0.68,7.34,0.68,,,5,KRONBERG_2000,0''.35 ,
45.3+65.1,09 55 53.96,69 40 51.36,2446992.5,1.825,1987.54,1.2,0.6,1.2,0.6,,,5,KRONBERG_2000,0''.35 ,
45.7+65.2,09 55 54.44,69 40 51.43,2446992.5,1.825,1987.54,3.24,0.73,3.24,0.73,,,5,KRONBERG_2000,0''.35 ,
45.9+63.8,09 55 54.60,69 40 49.98,2446992.5,1.825,1987.54,1.79,0.61,1.79,0.61,,,5,KRONBERG_2000,0''.35 ,
46.2+67.6,09 55 54.88,69 40 53.77,2446992.5,1.825,1987.54,1.35,0.73,1.35,0.73,,,5,KRONBERG_2000,0''.35 ,
46.5+63.8,09 55 55.21,69 40 50.05,2446992.5,1.825,1987.54,2.33,0.66,2.33,0.66,,,5,KRONBERG_2000,0''.35 ,
46.7+67.0,09 55 55.41,69 40 53.03,2446992.5,1.825,1987.54,1.78,0.75,1.78,0.75,,,5,KRONBERG_2000,0''.35 ,
39.10+57.3,09 55 47.88,69 40 43.72,2448482.5,1.825,1991.62,4.85,0.25,4.85,0.25,,,5,KRONBERG_2000,0''.35 ,
39.3+54.2,09 55 48.05,69 40 40.56,2448482.5,1.825,1991.62,1.67,0.29,1.67,0.29,,,5,KRONBERG_2000,0''.35 ,
39.4+56.1,09 55 48.17,69 40 42.41,2448482.5,1.825,1991.62,2.35,0.27,2.35,0.27,,,5,KRONBERG_2000,0''.35 ,
39.7+55.6,09 55 48.43,69 40 41.88,2448482.5,1.825,1991.62,1.59,0.25,1.59,0.25,,,5,KRONBERG_2000,0''.35 ,
40.6+56.0,09 55 49.35,69 40 42.36,2448482.5,1.825,1991.62,1.17,0.24,1.17,0.24,,,5,KRONBERG_2000,0''.35 ,
40.7+55.0,09 55 49.42,69 40 41.42,2448482.5,1.825,1991.62,7.93,0.25,7.93,0.25,,,5,KRONBERG_2000,0''.35 ,
41.3+59.6,09 55 50.07,69 40 45.83,2448482.5,1.825,1991.62,3.43,0.24,3.43,0.24,,,5,KRONBERG_2000,0''.35 ,
41.95+57.5,09 55 50.69,69 40 43.76,2448482.5,1.825,1991.62,46.29,0.2,46.29,0.2,,,5,KRONBERG_2000,0''.35 ,
42.2+59.0,09 55 50.95,69 40 45.2,2448482.5,1.825,1991.62,1.99,0.25,1.99,0.25,,,5,KRONBERG_2000,0''.35 ,
42.7+55.6,09 55 51.37,69 40 41.78,2448482.5,1.825,1991.62,1.96,0.24,1.96,0.24,,,5,KRONBERG_2000,0''.35 ,
43.2+58.3,09 55 51.91,69 40 44.58,2448482.5,1.825,1991.62,4.79,0.23,4.79,0.23,,,5,KRONBERG_2000,0''.35 ,
43.3+59.2,09 55 52.03,69 40 45.42,2448482.5,1.825,1991.62,11.87,0.24,11.87,0.24,,,5,KRONBERG_2000,0''.35 ,
44.0+59.5,09 55 52.72,69 40 45.77,2448482.5,1.825,1991.62,23.89,0.24,23.89,0.24,,,5,KRONBERG_2000,0''.35 ,
44.3+59.2,09 55 52.99,69 40 45.53,2448482.5,1.825,1991.62,2.68,0.25,2.68,0.25,,,5,KRONBERG_2000,0''.35 ,
44.5+58.1,09 55 53.22,69 40 44.36,2448482.5,1.825,1991.62,2.37,0.25,2.37,0.25,,,5,KRONBERG_2000,0''.35 ,
44.9+61.1,09 55 53.62,69 40 47.29,2448482.5,1.825,1991.62,1.56,0.23,1.56,0.23,,,5,KRONBERG_2000,0''.35 ,
45.2+61.2,09 55 53.88,69 40 47.41,2448482.5,1.825,1991.62,8.16,0.24,8.16,0.24,,,5,KRONBERG_2000,0''.35 ,
45.3+65.1,09 55 53.96,69 40 51.36,2448482.5,1.825,1991.62,1.2,0.21,1.2,0.21,,,5,KRONBERG_2000,0''.35 ,
45.7+65.2,09 55 54.44,69 40 51.43,2448482.5,1.825,1991.62,3.54,0.27,3.54,0.27,,,5,KRONBERG_2000,0''.35 ,
45.9+63.8,09 55 54.60,69 40 49.98,2448482.5,1.825,1991.62,2.02,0.23,2.02,0.23,,,5,KRONBERG_2000,0''.35 ,
46.2+67.6,09 55 54.88,69 40 53.77,2448482.5,1.825,1991.62,1.85,0.28,1.85,0.28,,,5,KRONBERG_2000,0''.35 ,
46.5+63.8,09 55 55.21,69 40 50.05,2448482.5,1.825,1991.62,2.41,0.24,2.41,0.24,,,5,KRONBERG_2000,0''.35 ,
46.7+67.0,09 55 55.41,69 40 53.03,2448482.5,1.825,1991.62,1.79,0.25,1.79,0.25,,,5,KRONBERG_2000,0''.35 ,
39.10+57.3,09 55 47.88,69 40 43.72,2448957.5,1.825,1992.92,4.72,0.18,4.72,0.18,,,5,KRONBERG_2000,0''.35 ,
39.3+54.2,09 55 48.05,69 40 40.56,2448957.5,1.825,1992.92,1.84,0.22,1.84,0.22,,,5,KRONBERG_2000,0''.35 ,
39.4+56.1,09 55 48.17,69 40 42.41,2448957.5,1.825,1992.92,1.99,0.19,1.99,0.19,,,5,KRONBERG_2000,0''.35 ,
39.7+55.6,09 55 48.43,69 40 41.88,2448957.5,1.825,1992.92,1.74,0.19,1.74,0.19,,,5,KRONBERG_2000,0''.35 ,
40.6+56.0,09 55 49.35,69 40 42.36,2448957.5,1.825,1992.92,1.18,0.17,1.18,0.17,,,5,KRONBERG_2000,0''.35 ,
40.7+55.0,09 55 49.42,69 40 41.42,2448957.5,1.825,1992.92,7.72,0.18,7.72,0.18,,,5,KRONBERG_2000,0''.35 ,
41.3+59.6,09 55 50.07,69 40 45.83,2448957.5,1.825,1992.92,3.43,0.18,3.43,0.18,,,5,KRONBERG_2000,0''.35 ,
41.95+57.5,09 55 50.69,69 40 43.76,2448957.5,1.825,1992.92,40.49,0.2,40.49,0.2,,,5,KRONBERG_2000,0''.35 ,
42.2+59.0,09 55 50.95,69 40 45.2,2448957.5,1.825,1992.92,1.63,0.17,1.63,0.17,,,5,KRONBERG_2000,0''.35 ,
42.7+55.6,09 55 51.37,69 40 41.78,2448957.5,1.825,1992.92,1.93,0.18,1.93,0.18,,,5,KRONBERG_2000,0''.35 ,
43.2+58.3,09 55 51.91,69 40 44.58,2448957.5,1.825,1992.92,4.68,0.17,4.68,0.17,,,5,KRONBERG_2000,0''.35 ,
43.3+59.2,09 55 52.03,69 40 45.42,2448957.5,1.825,1992.92,11.83,0.17,11.83,0.17,,,5,KRONBERG_2000,0''.35 ,
44.0+59.5,09 55 52.72,69 40 45.77,2448957.5,1.825,1992.92,23.04,0.17,23.04,0.17,,,5,KRONBERG_2000,0''.35 ,
44.3+59.2,09 55 52.99,69 40 45.53,2448957.5,1.825,1992.92,2.17,0.18,2.17,0.18,,,5,KRONBERG_2000,0''.35 ,
44.5+58.1,09 55 53.22,69 40 44.36,2448957.5,1.825,1992.92,2.5,0.18,2.5,0.18,,,5,KRONBERG_2000,0''.35 ,
44.9+61.1,09 55 53.62,69 40 47.29,2448957.5,1.825,1992.92,1.61,0.18,1.61,0.18,,,5,KRONBERG_2000,0''.35 ,
45.2+61.2,09 55 53.88,69 40 47.41,2448957.5,1.825,1992.92,8.13,0.18,8.13,0.18,,,5,KRONBERG_2000,0''.35 ,
45.3+65.1,09 55 53.96,69 40 51.36,2448957.5,1.825,1992.92,1.05,0.15,1.05,0.15,,,5,KRONBERG_2000,0''.35 ,
45.7+65.2,09 55 54.44,69 40 51.43,2448957.5,1.825,1992.92,3.06,0.19,3.06,0.19,,,5,KRONBERG_2000,0''.35 ,
45.9+63.8,09 55 54.60,69 40 49.98,2448957.5,1.825,1992.92,2.04,0.17,2.04,0.17,,,5,KRONBERG_2000,0''.35 ,
46.2+67.6,09 55 54.88,69 40 53.77,2448957.5,1.825,1992.92,1.35,0.19,1.35,0.19,,,5,KRONBERG_2000,0''.35 ,
46.5+63.8,09 55 55.21,69 40 50.05,2448957.5,1.825,1992.92,2.54,0.18,2.54,0.18,,,5,KRONBERG_2000,0''.35 ,
46.7+67.0,09 55 55.41,69 40 53.03,2448957.5,1.825,1992.92,1.83,0.19,1.83,0.19,,,5,KRONBERG_2000,0''.35 ,
SN2008iz,09 55 51.55,69 40 45.8,2457167.5,0.5,2015,74.23,3.71,79.4,3.97,,,1.67,,,
SN2008iz,09 55 51.55,69 40 45.8,2457412.5,0.5,2016,66.46,3.32,70.73,3.54,,,1.67,,,